essay_id,full_text,score,predicted_score,score_structure,score_grammar,score_development
9d21d81,"Everyone has their own opinions on everything. Some people would be for the driverless cars. Others may be against them. In my opinion I do not think we should have driverless cars.

To begin, at the end of paragraph 9 it says, ""If the technology fails and someone is injured, who is at faullt- the driver or the manufacturer?"" I think that if we get into an accident then the government would blame us for not paying attention or something but it could have been the cars fault for not telling us to take over soon enough or we did not feel the vibration of the car so we back into something. Also, if the car were to malfunction and not tell us to take over or do any of the things that the author tells us that the car does. Then if you were to almost back into an object the seat would vibrate, the google car tells us when to take over, and there are a few other options. Because in this case I think that the risk of us getting in more accidents are higher that way than what they would be if we drove on our own. Also, if we got in an accident there would be costs such as medical bills, insurance, and if it was your fault or the cars fault that you crashed into somone else you would have to pay to get their car fixed too.

Furthormore, If we had to just sit back and wait until the car tells us to take over we might fall asleep. If that was the case then there would cause a ratio of accidents. Also, I feel like it would be hard for the driver to pay attention to the road because they would be distracted by everything else that they could not see before if they were focused on the road like they would be in a normal car.

Lastly, It would cost so much money to get rid of every car invented now and upgrade them to the driverless car. Because our taxes would probably go up so that the govenment could get the money to pay for all the parts needed. So I think we should just keep it the way it is because money is an issue for a lot of us.

Everyone should take this into deep thought and realize how much of a mistake this would be to invent a driverless car and look at all the cons of driverless cars. Some people will still be for it just so they could sit back and relax at the wheel. Others see that there are a lot of cautions to driverless cars. I think everyone should be on the same page and say no to driverless cars.    ",4,3.0,3.0,3.0,3.0
b48701e,"This article introduces an idea of space exploration, specificaly to Venus. The author was bringing up the idea of studying Venus, which sounds fine untill you look into it more.

He says ""no spacecraft survived the landing for more than a few hours."" this is not very promising news, because the author wanted to put humans on the planet to study it. We could acheive the same things with a robot that people can acheive, and we dont need to risk lives. If a spacecraft cant make it more than a few hours neither can a human. Even if we try the blimp idea we couldent get the same data we could get with a robot. We could only study the planet's atmoshere. Some might say it would be better to wait for advances in spacecraft material so we could send things there and get data back before they got destroyed.

With the information the author brings forth with his passage studying Venus isnt worth the trouble yet. If we wait for new technoledgy we might be able to in the future.",2,3.0,3.0,3.0,3.0
2ba53eb,"i believe that its actually okay to use this tecnology, because why not i mean to me it seem like all that its doing is scanning your face no harm done to you or anything.Most people would probaly belive that this device could seem

dangerous if they dont add enough details about it, but im getting off task from the topic of this essay so yeah. Yeah im for using this tecnology in school because the teacher could be able to tell

if just by looking at a computer to see if the class is instrested in the matarial the teacher is teaching. That way they will be able to change their plan of attack while trying to teach the class how to do the work. and there is just so many benifits with this teconolgy, teairler the artical said tha they could even be use to tell if someone like a major celebrity or politician is lying so just imagaing how far this teconolgy could go just by scanning you face to see how your feeling or even just to see if your lying all just from your faical expressions.",2,2.0,2.0,2.0,2.0
8377d52,"I personally think that we should work to achieve the goal of driverless cars. If we were to have driverless cars, there would be far less traffic accidents. There would be no reason to need to get a speeding ticket and it would save the mojourity of people a significate amount of money. Like it said in the passage it would half the fuel needed. I agree with their argument accept for the fact that the passage stated that it should be only puplic transportation.

The fact that google has a car that is opperated by a computer most of the time shows that we are well on our way to achiving the goal of driverless vehicals. Even though there are times that you have to drive yourself, it is very close.

The problem with having autonomous vehicals is that they would not have the same capibalities as a person. The are times that ther are paths or roads are not able to be driven except by a person. If the road is badly damaged, you can't drive normally or you will have the risk of damaging your car and needing alot of money to repair it.

In conclusion, I think that we should further advance towards the goal of driverless vehicals but keep the availabillty to give the driver a choice if they want to drive themselves.",2,3.0,3.0,3.0,3.0
8be1708,"In the article Making Mona Lisa Smile, the ariticle states, "" She's 83 percent happy, 9 percent disgusted, 6 percent fearful, 2 percent angry.""

The value of using the technology to read read students' emotional expressions is a good thing. in the the text it states, ""The facial expressions for each emotion are universal."" Each muscle has a different job to do in the artical one of the examples that is given it the orbicularis oris muscle. This muscle is aroound your mouth and it tightens when you get angry.

""Eckaman has classifiied six basic emotion- happiness, surprise,anger, disgust, and sadness- and then associated with characteristic movements of the the facial muscles."" All muscles are different, each muscle controls a different part of the face. In the article, "" The process begins when the computer constructs a 3-D computer model of the face; all 44 major muscles in the model musr move like human muscles."" People show various amount of facial expressions and by using this technology researchers can tell what peoples emotions are.

In this study of facial expressions researchers found out that there are many types of facial expressions.

The subjest of Leonardo da Vinci's painting of Mona Lisa during the Renaissance is a major topic of this research. Mona Lisa shows four emotions: happy, disgust, fear, and anger. The software that Dr. Paul Eckman has created known as FACS which stands for Facial Action Coding System. The FACS can recogmize all of Mona Lisa's emotions.   ",2,3.0,3.0,2.0,3.0
309eb02,"The author suggests that Venus would be a worth-while investment, thus might bring in interesting facts about our Sister Planet. Hence NASA and our government will make a lot of money for bringing in crucial information about Venus. From here on in there will be many facts on why exploring Venus will be a worth-while investment.

Venus, also known as the ""Evening Star"", since it is so easy to see at night, and our ""Sister Planet"", is a very difficult place to study. The size of Venus is why it is known as our Sister Planet, it has almost the same density, mass, and size of Earth. But on the contrast, its atmosphere is very different from ours. The atmosphere on the planet has many storms that are highly electrical ,hence, lightning can strike a craft out of the sky. And the atmosphere is made up of 97% carbon dioxide. The blankets of carbon dioxide make it hard to see into the planet. The clouds of carbon dioxide on the planet are highly corrosive because of sulfuric acid. Any craft made of any type of metal will melt in about roughly 2-3 days depending on the size of the craft. The Atmospheric pressure on the planet is about 90 times greater than we experience on Earth. The temperature on the ground averages over 800 degrees Farenheit.

But NASA has developed an idea that might truely get humans close to Venus to be able to study it. NASA says that they could send a craft to float or hover about 30 or so miles above the surface to escape the harsh Venusian storms and landscape. At thirty miles above the surface it would be around 170 degrees Farenheit and the pressure that high would be somewhat like sea level here on Earth. Solar power would also be beneficial for power and radiation would not exceed what we experience on Earth. But because of the dense clouds not letting most light forms into the inner atmosphere it would hinder insight of the surface. Thus rendering the photography and videography unavailable. They plan to use mechanical computers that run because of gears and levers and would not require electronics. These forms of computers were used during World War II because they did not require electricity and how they are capable of withstanding much punishment from harsh conditions.

This concludes how it would be a worth-while pursuit to study Venus, and how NASA will help with the studying of our Sister Planet. ",3,3.0,3.0,3.0,3.0
be6041f,"The Electoral College

Dear Mr. Nixon

I think as a citizen of Flordia that the Electoral College should not be apart of our states voting rights because the people voteing do not have a direct vote to the president. Our state just like many others have a ""Winner-takes-all system that awards all electors to the winning presidential candidate."" Every election is a unfair election because the people dont get to directly vote for the president.

""What have Richard Nixon, Jimmy Carter, Bob Dole, the U.S. Chamber of Commerce, and the AFL-CIO all, in their time, agreed on? Answer: Abolishing the electoral college!"" This is proof that not only basic people of the USA think the electoral college should not exit but people who have been important to this country and other commities.

When voting through the electoral college voters dont vote for the president they vote for a slate of eloctors who then elect the president. Which is not right to the people who do vote an the people running for president, plus its wrong to the country because everyone has the right as a US citizen to elect a president but there not actually voting for the president.

""At the most basic level, the electoral college is unfair to voters. Because of the winner-takes-all system in each state, candidates dont spend time in states they know they have no chance of winning, focusing only on the tight races in the ""swing"" states."" This is again more proof that the elecooral college is unfair to all the U.S voters.

""Its official: The electoral college is unfair, outdated, and irrational. The best argument in favor of it are mostly assertions without much basis in reality. And the arguments against direct elections are spurious at best. Its hard to say this, but Bob Dole was right: Abolish the electoral college."" The electoral college is something that should be taken out of the electing process because it dosent give us as U.S citizens our exact rights to vote for president because its the electors who elect the president not the people.            ",3,3.0,2.0,3.0,3.0
72ec29e,"Have you ever went on a camp out in the woods? Have you ever went camping out on water but for about 2 months? Now you can there is a progm that helps animals go to a different country. There are animals that need fed and you can do every night or even be a look out for whats coming ahead. The trip is fun but dangerous. You have to go on a boat that moves back and fourth. The fun part is that you can stay up all night and you get to never wake up unless its your job to feed the animals.

Luke's claims are having fun and being with his best friend. Luke also knew it would be a lif time opportunity. Luke was watching out for ahead and checking on the animals then he went to tell captin that when the ladder was wet and slippery. Luke fell and his heart pounding like a hammer. Luke was almost dead but he wasn't he broke a couple of ribs but hes fine he and work for a couple of days.

I dont know if i would join sounds fun too. Joining the prograhm was to help for world war ll also. The war was tough because there was a lot of stuff ruined by it too world war ll was a desaster but we thank the people that were in it. If you do join the progrhm they call you ""A Seagoing Cowboy"". Luke and his friend were happy that they were still alive. ",2,3.0,2.0,3.0,3.0
062455d,"The studying of Venus is a worthy pursuit despite the dangers it presents. The studys of Venus has almost the same features of Earth, using old technology that could help, and might danger humans.

One of the reason studying of Venus is a worthy prusuit despite the danger it presents because it might almost- like features of Earth, but its hard to get close to Venus to see if its true. For example,"" On the planet's surface, temperatures average over 800 degress Fahrennheit, and the atmospheric pressure is 90 times greater than whatwe experience on our own planet""(3). This explain that its too dangers to see if Venus has almost the same the features of planet Earth.

Another reason worthy prusuit depite the danger is using old technology fromt he pass. From the article,"" the thought of computers existing in those days may sound shocking, but these devices make calculations by using gears and lever and do not require electronies at all"" (7). This quite says that even tho NASA might use old technology from the past that technology don't require electronies from today. It's hard to use old technologly from the past with new things.

The author of ""The Challenge of Exploring Venus"" that studying Venus is worthy pursuit depite the dangers it presents. Useing old technology and seeing if Venus has almost the same featuresas Earth.      ",3,3.0,3.0,3.0,3.0
9953a42,"In America,people get into crashes everyday, some fatal or some with minimal damage. Some crashes are caused by people's own stupidity, reckless driving, or distractions like using their phone or staring at something outside. People should use driverless cars because there will be less accidents, more safety, and people can go wherever they want without the distractons of a GPS or map.

In the new driverless car it is said that a 3-D laser will be constantly updating the car's surroundings and that it can mimic the skill of a human being. Most accidents are from drunk driving so if a person is intoxicated and must take the car home they can use the car without having to actually drive and more people will be safe. It is also said that sensors can detect and respond to the dangers of skidding or rolling over because of the computer hardware and aoftware so if anyone is close to an accident, they won't have to worry because of the sensors. Lastley, when people use a GPS or a map it can either break down and have a glitch or just get in the way of driving. With the new car all people do is put the address in once and off they go to their destination without having to worry about what will happen if it breaks down.

In conclusion, people should have driverless cars because there will be less accident, more safety, and not having to worry about a GPS or a map. Future technology is coming and there will be a better future so more lives will be spared from the manual use of a human behind a wheel. Parents will feel more safe about their children in the street and not having to think about what's going on with the driver. Embrace the future technology and don't be afraid of a new dawn and era.",3,3.0,3.0,3.0,3.0
a0a15e3,"Would you feel comfortable standing in front of a computer and letting it try to figure out how you feel?And how would a computer that can read someones emotions help them in the classroom?Although technology has been great in the past few years,can we do better in our classrooms.I say yes with this valuable technology that can read students emotions.

So how would this work? The computer would first construct a 3-D model of the face,with all 44 major facial muscles.Then the model must move like human muscles,this movement of one or more muscles is called an ""action unit.""Afterward you use the six classified basic ""emotions-happiness,surprise,anger,disgust,fear, and sadness.""These are associated with each characteristic movements of facial muscles.For example,your frontalis pars lateralis muscle raises your eyebrows when you're surprised.

Why would this technology be valuable?Because will be able to see emotions that other people may not.Like for instance,your in a math class and the teacher is teaching the class on algebra.Your doing well until he starts to ramble about how he loves algebra and you lose focus.Then that is when the computer could recognize that your are confused and remind you what you were doing.The same can be said with any class not just math.Say your are at home and don't understand the history homework.Then computer sees this and sends you to website that can help you understand the subject.

The last reason why the FACS is valuable is to recognize emotions that people can't.Because most human communication is nonverbal we may not be able to know exactly how someone feels.But with FACS we are able to detect exactly how someone feels,even when they are trying to hide their emotions. For instance,an ordinary human being they are not able to see the muscular action units,these determine a genuine smile from a fake one,so they will not be able to tell how you truly feel.They will only see what you show them on your face.But FACS is able to use facial software to convey how you feel based on your facial muscular movement.

Now that all of that was said.Do you now see how it is valuable to students and schools?And not even schools but to people in the workforce.This can improve the way we communicate with each other.Beacause we will know how they really feel and then we will start to care more about each other's feelings.This is why I belive this technology is valuable to read students' emotionsl expressions.",4,3.0,3.0,3.0,2.0
e88da5f,"Electoral college

PROPER_NAME

The electoral college should be changed it is confusing to some and straight up a waste of time to everybody else.  In soure two part ""

What's wrong with the electoral college

"" paragragh ten it says something that I think will help my claim a lot.  ""Under the electoral college system, voters vote not for the president, but for a slate of electors, who in turn elect the president.""  Now if this statment is true then how would you know what or who these people stand up for or even who picks out the electors in the first place?

This qoute might be the think that I agree with the most.  At the same source as last time but this time in one paragragh down.  It says ""the single best argument agianst the electoral college is what we might call the disaster factor.  The american people should consider themselves lucky that the 2000 fiasco was the biggest election crisis in a century; the system allows for much worse.""  Now just remeber when I said who elects those people anyway, well I did some reading and it said that the state legislature are technically responsible for picking electors, but the electors can always defy the will of the people.

Now all of the evidence should make you want to get away with the electoral college, but if ot then this last paragragh should it will tell you everthing that i already have but in a diffrent point of view. In paragragh thirteenteen of the

""What's wrong with the electoral college""

source it agrees with every thing that I have typed.  It says that At most basic level, the electoral college is unfair to voters.Because of the winner-take-all system in each state, candidates don't spend time in states they know they have no chance in winning, foucsing only on the tight races in the

""swing""

states.""  Now if  am rght then every one who reads this exet mabye the electoral college will agree that it is unfair, outdated, and irrational.                ",3,3.0,2.0,3.0,3.0
0b8ed23,"In today's world our environment is not as healthy as it was year's ago. There are many green house gases disturbing our atmosphere and our ozone layer. One of the main reasons this is happening is due to motor vehicals. Car's, trucks', motorbike's, gasoline powred or diesal powerd, they all hurt our environment. There are some place's that are trying to stop the gases from hurting us and it is helping.

Owning a car is an important way of transportation. It allows us to get from point A to point B in time's that would be much slower if we did not have a car. Yet car's and truck's can sometimes be hurtful. Owning a car can be cost effective, you must pay for the fuel that is hurting the atmosphere, if it breaks down you must pay for expensive parts and service. Even if you have the money and the time to own a car, you are realy still hurting the environment by burning fosil fuels and causing green house gases.

In some place's in the wrold they are reducing car usage. They are having national days where if you use your motor vehical you are to be charged by ticket for some money. In paris there was a week of regulated driving to reduce smog emision. On several day's of the week car's with even numbers on their tag were not able to drive. The next day the odd number did the same, if caught using a motor vehical you would be fined 22£ ($31). People were outraged and some were so angered they didn't like he law and got thier vehical impounded. That is how Paris did their part in helping the atmosphere.

In Bogota, Colombia they had a similar ocasion, but only for one day of the year. They have done the same thing on that specific day for the past 3 years, they too have been charged with tickets for $25 if found using a motor vehical. They also had this day in two other citys in Colombia, Cali, and Valledupar joined in on the fun of helping the environment.

In the U.S President Barack Obama has had goal's to also reduce emision's of motor vehicals. The United State's being one of the main counrty's in car production see's owning a car a culture, they see driving, working on your own car, and racing as a way of life. But some american's have had enough of trafic jam's, stressed out lives in a jam packed city full of car's and truck's causing green house gases. They have reduced the miles driven since 2013, and a good amount of people don't even want to have a license. In crowded city like New York they have started a new bike sharing program, their tolls for bridges and tunnels have skyrocketed. A study last year found that driving by young people decreased 23 percent between 2001 and 2009. This means people are getting more involved in helping the environment and reducing hurtful gases that hurt our ozone and our atmosphere.    ",3,3.0,3.0,3.0,3.0
75e3824,"While the idea of driverless cars appeals to many, is it really practical for modern day America? Sergey Brin has proposed and imagined this utopian idea. The creation of these seeming easy cars would actually make everyones life harder, not only on the roads, but in the court rooms as well. These cars would obviously be extremly costly to make, and would put stress on all tax payers if roads were to be remodeled. The idea of driverless cars is impractical and shouldn't be taken seriously.

There is a quote that states, ""Be careful what you wish for becuase you just might get it."" What this quote boils down to is that as much as one might want something that aesthetically pleases them, it may turn around to be a truly awful mistake. Driverless cars cause more trouble then they are worth. A prime example would be, if a driverless car were to be made, having to switch the roads and the designs of them. Tax payers already pay for the seemingly never ending road repair, let along new roads for cars that arent even a necessity. Many engineers at Berkeley attempted to use magnets in driverless cars that could read in binary code. They discovered there needed to be grotesque and expensive changes to pre existing roads, making the whole ordeal impractical. After realizing that roads were too hard to deal with, money wise, Google tried to make cars that were smarter. With all of the upgrades required to make a smarter car, the cost of the driverless car wouldn't be fathomable. How are people supposed to drive cars when they cost too much to own and take care of?

Another huge problem with the new cars is whither a human in the ""driver seat"" would be assisting or driving. If a car could go forward on its own, but can't drive under certain conditions, how is it really a driverless car? If a person in the car were to fall asleep while being drove by the car, then there were to be an accident that the car couldn't handle, how would the car alert the person it was time to drive. There is a big reason as to why people dont hop out of bed and into a car. The brain needs time to adjust and wake up before attempting a process that can quite legitimately kill people. A single car accident can kill many people. Pretending that driverless cars are a toy isn't an option. People with health problems wouldn't find a driverless cars helpful either. Awareness of people who cant feel vibrations, cannot hear, and cannot see, would all be in danger riding in this type of car. Without being in control of the wheel and acceleration at all times reduces the feeling of needing to be alert in the car, causing more careless accidents that could have been avoided if the car had an alert and ready driver.

If one of these careless accidents were to happen, who would be to blame? With the idea of driverless cars, sprialing and time consuming court cases come along. When accidents happen, usually the two drivers are taken to court, with the exception of car recall cases. When two driverless get in an accident it leaves the question as to why two, in fact driverless cars, would hit each other. This also brings up the question as to if they are even driverless cars. A driverless car would technically have to be driverless and not need a human assistant to run properly. Thus saying, more car companys are more likely to get sued in the court of law for murder, vehicular manslaughter, and many other charges most car companies don't get hit with using regular cars.

Another pretty famous quote states, ""If it's not broke, don't fix it."" Today's cars are fully functional and drive almost perfectly on the roads we have now. To switch the great thing that is going on now would be useless. In this economy, America does not have money to throw around. To mass produce driverless cars is and forever will be unconventionally excessive. In order to save time, to save money, and save citizens from dreaded jury duties, driverless cars should remain in the movies.",5,,,,
6beaab6,"I think having a ""driverless cars"" will be a good idea. Thats because I see more good in the things it can do than bad. Here i will list out a couple of why there should driverless cars.

The first reason I see why its good because the manufacturers has test the driverless cars. The result of it was that the car drove more than half a million miles with out crashing. Which is said in pharagraph two. This clearly means it is capable of being a driverless car becasue it could travel so far with out an accident.

Next the driverless cars also has a bunch of features that will help it to mimic the skill of a human at the wheel. The car features that the car will or more likely have is sensors on the left rear wheel, a rotating sensor on the roof, a video camera mounted near the rearview mirror, four automotive radar sensors, a GPS reciever, and lastly a inertial motion sensor. Becasue of all of those the statement that says it can mimic a human at the wheel could be or is true. This information was found in pharagraph four.

Lastly the senors can cause the car to apply the brakes and reduce power from the engine which allows a better responce and control compared to a human driver. Thats not the only thing the car can control. The car can also steer and accelerate by themselves. The catch the car will notify the driver when the road needs human skills. Meaning it will need a driver to actually take control when it is going through work zones and

around accidents.Due to that program the driver still needs to stay alert, aware the surroundings, focus on the road and is ready to take over at any moment when a situation appears. To notify the driver the seats of the car will vibrate when it about to back up into an object. To announce the driver when to take over the driverless car will have flashing lights on the windshield or have a heads up display.

Those are the reasons why i believe driverless cars is a good thing. Due to all the alarm systems telling the driver when to take over this might prevent texting a driving. Also that is a step forward to becoming more advanced. So as time goes on automakers or known as the manufacturers will continue to fix problems that the car might have making it better and safer. Sooner or later it will be a perfect highly advance car in the future. The first step is always the hardest because no one knows what it will do.",4,3.0,3.0,2.0,3.0
01d6e7e,"The 'Face' on Mars is just a hoax. It seems as though the mound on this planet is just a mesa. If you don't believe me, then listen to me very closely. The very similar face on the side of Mars can be very defining but not a single astronout have researched at the Mesa up close and personal. But even if it was made by aliens, it still wouldn't tally up right?

The 'Face' was first noticed in 1976 by Viking 1 spacecraft, circling around Mars, after trying to find its sistership, Viking 2. As Viking 1 was circling around, it spotted a likeness to the human face. And the mound was found in Cydonia, a very well-know area on the Red Planet to house mesas. As the years went by, they looked more into the mound and Scientists concluded that it was just another mesa, but this moutain-like hill had shadows that resemble the human face.

As you review this very peculiar picture, you can see that it just resembles Earth, mostly in Western America. That certain part of America are very popular for its mesas and buttles (which are the same as mesas). There may be more out in the solar system, mnaybe even more in the whole universe itself, but in the end of all the discoveries, they all end up being coincidences. Maybe one day, we'll find extre terrestrial life, but for now, we will just make more and more discoveries until we don't have anything else to find.",3,3.0,2.0,3.0,3.0
0abf87b,"Self driving cars are becoming more and more popular as techology advances making it feel like one day in the future we're gonna just ditch the cars all together and we're all going to be hovering around on hover boreds and there wont be a reason for people to learn to drive. Realizing this makes people wonder if there will one day not be a purpose for a drivers license because techniacally they won't be driving. But with everyone just wanting to be in with the new things in the world no one ever thinks about some of the dangers self driving cars could cause.

One danger people should be extremly aware of is the independance on the vehicle. When people hear the phrase Self Driving Cars they think about something completely different and more advanced than what driverless cars actually are. They instantly assume that they have a free ride to where they want to go and can be oblvious of there surroundings when thats not the case at all. What if there is a malfuction and they have to be ready to take the wheel to keep from drving into a ditch and they arn't. As stated in the article it says ""..the human driver must remain alert and be ready to take over when the situation comes."" this means that even though people are not driving doesn't mean they can sit on their phone text and expect there not to be any problems because they can't be so dependant on a machine.

Another problem there is with getting the driverless car on the road is the laws that need to be passed to allow them. only three state have allowed them to begin driving on the roads which are ""California,Nevada and Florida"" but even those states keep them on minimum useage for acident prevention. As stated in the article ""..even if traffic law change, new laws will be needed in order to cover liability in the case of an accident."" which means that there would be conflicts between owners and manufacturers to see who would be responsible if there were accidents caused by malfuctions.

Now there is a diiference between self driving and autopilot. with autopilot people still understand this as you have to be cautious if though they arn't driving they still have to steer. As stated ""Tesla has projected a 2016 reaease for a capable of drivihng atuopilot 90 percent of the time"" this says that even though it's not self drving you can still drive with little to no driving at all.

Even though it would be cool to have a self drivng car people still need to put safety of themselves and others before buying a driverless car.",4,3.0,3.0,3.0,3.0
9817fb6,"Imagine a world with a great transportation system that doesn't involve humans controlling the vehicles, yes, driverless cars. Sound futuristic? Yeah, but I think it could be better for us. The cars would have amazing technolgy, keeping us safer from human errors, because, let's face it, humans aren't perfect. We could take better care of our planet. And, no one would need to pay for another car, again.

The first reason we should have driverless cars, is because it is better for the planet. Google cofounder believes we could use driverless cars that would use half the fuel we use today. This would save fuel for future generations to come. Since we wouldn't be using as much fuel, there wouldn't be any concern of global warming. Think about your kids, your kids' kids, and so on. Do you want your grandkids to be suffering without any power source, or not even having a stable planet? No one wants that. Not only would driverless cars save our planet, they can help save lives.

Another reason we should have driverless cars, is because they can help save many human lives. These driverless cars would be computers, they can communicate to other driverless cars. And also, computers are perfect, they don't make mistakes. Humans, on the other hand, are not perfect. We make mistakes, it happens. So when a computer is driving a car, it would not make the mistakes humans do, therefore, saving hundreds of thousands of lives each year. These driverless cars would help save some money, as well.

The third reason we should have driverless cars, is because they would save a lot of money. No one would have to go out and fork out thousand of dollars on some new car. They could just use these driverless cars to transport them. Also, no one would have to pay for wrecks or insurance money, because these driverless cars wouldn't make mistakes to get them into car wrecks. We are looking at possibly of millions of dollars saved in just a year.

I think that having driverless cars would be a plus for society. They would save our planet, they are a lot safer, and they would save a lot of money. I don't know how soon this could be a",4,3.0,3.0,3.0,2.0
af5819f,"How do I know the author supports this idea? I know the author is supporting this idea because he is giving examlpes on how studying venus can be very dangerous, but he also explains to you on why people take that risk to keep studying venus. The author also gives out facts about Venus to give you a better understanding on why some people still study Venus. Some facts he gives out are

""Venus is the second planet from our sun. While is simple to see from the distant but safe vantage point of Earth, it has proved very challenging place to exaimine more closely.""

With this statement this gives us a better understanding on how dangerous it can be to study this planet. This statment also gives us a prespective on why people want to study this planet as well. The author then explains how NASA has one possible idea for sending humans to study Venus. The author continues to give facts about how challenging this study could be. He states

""NASA's possible solution to the hostile conditions on the surface of Venus would allow scientists to float above the fray.""

This does sound very exciting and interesting. Even to think about studying or sending life to this planet to study is very dangerous but is very intreaging. Do I personally think it would be a good idea? I most definalty do not. I would not agree to go to a new planet that we know nothing about due to not having certian amount of resources needed. Yes, we do have some knowledge, but we do not have enough knowledge to make me comfortable engough to even think about going. But for others that risk is something they would take.

The author does make great, peruassive statements in Parargaph Eight like, ""Striving to meet the challenge presented by Venus has value, not only because of the insight to be gained on the planet itself, but also because human curiosity will likely lead us into many equallu intimidating endeavors. Our travels on Earth and beyond should not be limited bt dangers and doubts but should be expanded to meet the verty edges of imagination and innovation.""

Studying Venus is a risky and challenging task to take on. If this is sometihg that you find interesting or something you are very curious about maybe this is for you. After reading this article we now know the risks and challenges of studying Venus. The author did a great job explaining risks, giving us back ground information, and explaining why others would want to study Venus. The author most certainly does suppport this idea with the information he gave. ",3,3.0,2.0,3.0,3.0
27427c9,"Creating these driverless cars are amazing, but with technology today, it will need a lot of security systems, the car has many cameras to it but if one bad person who knows a lot about those cars, they will try to hack into it, if they succeced, it could do harm on the streets. People can hack into bank accout with ease, by only a couple of numbers, if the people who create these driverless cars don't understand that, then many cars are going to be hijacked or worse.

Many of these cars can also have a malfunction also, no matter if they say it will, if any of the sensors that are on the car gets hit, then it may malfunction. Would the car need an upgrade just like a computer? My computer take a very long while and multiple tries for it to successivly upgrade and i only had it for a year, would that same thing happen to the cars? It says in the text that the cars would use half of the fuel today, would it be priced right to even sell? Many people have had the same car for many years and never had a accident in it, some people would have the money, some people don't, if the people who create the driverless cars must know a good price where they can make a living and keep making more and the buyers are pleased with the price and how well they are developed. If the cars become semi-automatic, if a person sleeps on the interstate, how long will the car go before i needs a human to take the wheel? Many people get injured or worse by falling asleep behind the wheel and I hope that the driverless car will solve that problem.    ",2,3.0,2.0,3.0,3.0
5e47d03,"My position on driverless cars is, I'm totally against them, why well because they could cause an accident if the computers or sensors on the driverless cars fail or malfunction then that company that manufactured the driverless car will have a lawsuit coming out and if the driverless cars fail a lot then it will cause the company lots of money if anybody was hurt during the accident because of the malfunction of the driverless cars.

I also think that when they have driverless cars then will be also having machines or something that will be all machine operated and no human would do it then we will be to relient on things that don't require anyone to operate it and it might be also a hassle having to constantly maintain the sensors and every part that will make the car driverless and it also be time consuming because what would you do if it won't behave and work properly and you would might have to spend lots of money on the driverless car cause if the parts are foreign made then it will cost more money to ship and buy that part overseas.

And that it is why I'm totally against driverless cars they are dangerous and they can kill if the computers or sensors or whatever fails on the car in a accident and people will be to relient on it.   ",3,2.0,2.0,2.0,2.0
7c4e27f,"""I'm much happier this way,"" What caused someone to say this? Simply no longer owning a car! Based on how car dependant mostly everyone's life is and how badly most people that don't have a car want one you'd think that going from having one to lacking one must be terrible. Well statisically speaking we might all be moving towards this idea and it might not be such a bad thing!

According to the short article

In German Suburb, Life Goes On Without Cars

Vauban, Germany is home to people that have chosen to give life without cars a shot, many of which love the life style. 70% of Vauban's families do not own cars, and 57% sold a car just to go there. Although this has mostly only been done here many have started slowly adopting the idea. As the author, Elisabeth Rosenthal, of this article pointed out passenger cars are responsible for 12% of greenhouse emissions in Europe, and in more car populated areas such as the United States up to 50%. Robert Duffer stated in

Paris bans driving due to smog that in Paris Driving had been limited by their goverment due to extreme levels of pollution and after a short amount of time the ban was called off because the smog/pollution had lowered. Just one of the advantages of limiting the usage of cars would be cutting down these huge numbers and getting rid of these issues, and if you asked anyone im pretty sure they'd say that this one advantage is plenty reason already to look into this. Imagine how drastically improved the planet would be if others adopted what Vauban is already doing!

Want a holiday to promote the limiting of cars? Well there actually is one in Bogota, Colombia! Millions of colombians hike, bike, skate, or take buses to places like work on this day. It already has three years running so far, even if its raining that day, the mayor claims that it doesnt stop people from participating. This day is starting to also branch out to other colombian cities such as Cali and Valledupar, imagine if eventually it becomes an international holiday, the advantages are everywhere. Due to the limiting of car usage there are more people walking on the sidewalks and this has caused the goverment to improve those sidewalks by making new smooth ones and getting rid of the old cracked ones. More restaurants, parks, sports centers, and even entire shopping centers have been built and opened to the people walking which is a life style improving advantage. If the limiting of cars is done in more places then new things to do and try will open up in that area and in turn prove to be a great advantage from limiting car usage.

Elisabeth Rosenthal has writen about the possibility that in the United States the peak of driving has been reached. As it turns out Americans are buying fewer cars, driving less miles on average, and getting fewer licenses every year that goes by. If such a large population such as the United States is cooling down on car usage why not speed that process up and goverments start slowly but efficiently reducing car usage internationally? This would mean that in public transport there would be more socializing because the people that take that same bus everyday at 7:00 AM along with you would become your friends or at least aquaintances. So when you think about it friendships might even come with car limiting as well!

From the reduction of polution to the improvements of everyday life style to even possibly socializing with new people, the possibilities of car usage limiting are endless. Who knew that a simple taking of a bus or riding a bike to work could have such a large impact on the world around you!            ",4,3.0,3.0,3.0,3.0
fbb93e4,"The Electoral collage is a process , not a place. The founding fathers established it in the constitution as comprimise between election of the president by a popular vote of qualified citizens. The thing is the president shouldnt be picked on his personality or his or hers past, they should be judged by the changes they can make and how they can make it better for the people on the out side world. they shouldnt be voted by the fancy no good stuck ups in the office 24/7 bc half the time they dont know good, i mean look at the president we have now.

The process consists of the section of the electors, which they vote president or vice president. under the Electoral collage system voters vote not for president but for a state of elections. They shouldnt have to vote like that , why have the office men and women vote president? When u could have the citizens of state do it. The office men and women dont know what the citizens want or need. There just there to get money and sit on there butts 24/7 and do nothing but make poor decisions as a reference to our president.

The most worrying is the prospect of a tie in the electoral vote. Then in that case the election would be thrown to The House of Representatives , where state delegations vote on the president. There shouldnt be a tie and having to be thrown in to The House of Represntatives. The president shouldnt be selected by valets and posters. they should be picked based apone what there capable of and how they can change the owrld and make it a better and safer place. The president we have now didnt come with its benifites.

At all basic levels the Electoral collage is unfair to voters. Because of the winner-takes-all system in each states, candidates dont spend time in each state they know they have no changes of winning or losing , so they focus only on the tight races.                 ",2,2.0,2.0,2.0,3.0
d3570a8,"When someone thinks of the future, he or she may think of crazy gadgets that are made of technology years and years from our own time. However, humans aren't too far off from making these gadgets a reality. In particular, research and many tests concerning driverless cars have been happening for quite some time now. It gets people wondering though; does the development of these driverless cars reap more benefits than negatives? In my opinion, the development of driverless cars should be supported because of it will bring efficiency and safety for the entire human race.

First, the development of driverless cars can bring efficiency to the day-to-day life of an average human. The vision for these cars is that they will be a part of, ""a public-transport taxi system. The cars [Google cofounder Sergey Brin] foresees would use half the fuel of today's taxis."" The United States is one of the largest sources of oil consumption, and we tend to get all of our gas from other countries. With the direction these cars seem to be taking, we'd not only reduce the amount of gas we use in the United States, but in the entire world. We wouldn't be emitting nearly as much air pollution either. The benefit of public transportation is also significant due to the fact that, it too, decreases all of these factors. Based on my knowledge, most European countries tend to consume a lot less oil than the United States because they use public transportation. It's a lot more efficient than everyone owning an individual car and driving. By supporting the development of driverless cars, all of these imaginable benefits for the efficiency of transportation can become a reality.

Secondly, the development of driverless cars can aid in concerns of safety. As the passage says, ""Within 10 years, [] sensors had become more advanced to detect and respond to the danger of out-of-control skids or rollovers ... Further improvements in sensors and computer hardware and software to make driving safer are also leading to cars that can handle more and more driving tasks on their own."" This is extemely significant, seeing as how automobile accidents are one of the leading causes of death in the United States. With these driverless cars, people are able to step in when absolutely necessary; other than that, the car can sense most danger and avoid it. These cars so far allow for ""far better response and control than a human driver could manage alone."" We are already in a great spot as safety is concerned, and with further development comes even better improvements. If what Sergey Brin envisions becomes a reality, driverless cars could be the cause of a lot less death in automobile accidents worldwide.

In conclusion, the development of the driverless car has come very far in the very short time that it's been around. It's already allowed for a safer experience with automated brakes, multiple sensors, and notifications to the driver when something is wrong. With even further development than what we have already, safety could eventually not be a concern at all. With that being developed, so too are ways in efficiency and cost of transportation. By being for the development of driverless cars, so many significant benefits could be here in the years to come.",5,4.0,4.0,3.0,4.0
d682dd8,"Is there any advantages of limiting car usage? Whether it's for the environment or even your health, there are some advatages that overall can help you. Lets be honest, cars aren't cheap and i don't really see them getting any cheaper but walking from point A to point B is free. It's kind of like killing two birds with one stone, by walking you save the environment from the gas you would be burning and you're saving money at the same time.

Limiting or even completly getting rid of driving can help you become a happier or even tense free person. Driving a vehicle, escpecially on a congested highway or road can create road rage causing you to become more stressful and aggrivated. In a suburb in Germany, residents there are giving up their cars, something they have never done before. They seem to be working efficiently without their cars, still being able to go to the store and work. It seems that they like this way of life better, stress free and no worrys of getting stuck in traffic. Like what Heidrun Walter explained in source one, she said ""When I had a car I was always tense. I'm much happier this way."" People are so infactuated with the thought of driving and cars but they don't realize that driving all the time is effecting your health. Personally, I think it's some of the reason as to why there is so much obesity in this world.

Not only is driving all the time bad for your health but it's also bad for the environment. Paris had a problem with there being so much smog, that they actually had to enforce a partial ban from driving. The partial ban was working, it was said in source 2 that after five days of intensifying smog, congestion went down 60 percent in the capitol of France. The partial ban worked with trying to clear out the smog to help the environment so well that the French party rescind the ban for odd numbered plates on tuesday's. Source 3 explained that in Columbia they were going on there third year of cars being banned except for buses and taxis. Just like in Germany people seemed to being adjusting and liking the idea of no cars on the roadway. A business man named Carlos Arturo Plaza, said that ""It's a good opportunity to take away stress and lower air pollution"" referring to Columbias third year of banning cars.

Even if you just have to go right down the street, people hop in there cars and go, when in fact you can just walk. An official of Transportation for America,David Goldberg, expressed about how depended we are on vehicles. He said ""All of our development since World War II has been centered on the car, and that will have to change."" And change is what seems to be exactly happening. In source 4 it was said that there seemed to be a decline in America's love affair with their vehicles. According to Doug Short, who is apart of an investment research comapany said that ""When adjusted for population growth, the number of miles driven in the United States peaked in 2005 and dropped steadily thereafter."" Maybe people are starting to realize that you don't necessarily need to drive and that it's more of previlge then a must.                    ",4,3.0,3.0,3.0,3.0
8c04088,"the article, Making Mona Lisa Smile, the author describers how a new technology called the facial action coding system enables computers to identify, human emotion the university of amsterdam, Dr. huang and his colleague are experts at developing better ways for human and copmputers to communicatre. a computer recognize the subtle facial movements we human use to express we feel. the computer constructs a 3-D computer model of the the face, all 44 major musclues in the model must move like human muscles.

the new emotion, recognition softwere track these facial movements in a real face or in the painted face of Mona Lisa, the different unit, thte softwere can even identify mixed emotion, each expression is compared against a neutral face showing no emotion. the humans perform this same impressive every day. for instance, we can probably tell how a friend is feeling simply by the look on her face. us would have trouble actually describing each facial trait that conveys happy, worried, that artist such as da vici studied human anatomy to help them paint facial muscles precisely enough to convey specific emotion.

his new computer softwere stores similar anatomical information as electronic code. perharps Dr. huang emotion algorrithmms are different sort of ""Da Vinc code"" the Mona Lisa demonstration is really internded to bring a smile to thet're face, while it shows just how much this computer can do. a computer that knows when they're happy or sad. if they're smile when a web ad appears on they're screen, a simily ad might follow, but if they're frown, the next ad will be different.

a classroom computer could recognize when a student is becoming confused or bored, then it could modify the lesson, like an effective human instructor. the same technology can make conputer animated faces more expressive for video games or video surgery. most human communication is nonverbal, including emotional communication, note Dr. huang, so computer need to undersatand that tooooo.

had his actor carefully reproduce smiling and frowning as a way of creating these emotion on stage. feeling someone else's emotion state, may happen because they're unconsciously imitate another person's facial expression. whoever thought that making faces could reveal so much about the science of emotion. Dr. Huang just want people to used the technology about the computer of Making Mona Lisa smile. he want all the wourl people happy of about he did. he just want to see people are smile. he don't want people are sadness. that's why he making these technology.          ",1,2.0,2.0,2.0,3.0
d8f9c47,"The advantages of limiting car usage would be less pollution, less traffic, and less money involved. For example, in the German suburbs, large garages that are at the end of development where a car-owner buys a space, for $40,000, along with a home. So cut down cost on that Germany people have given up their cars.

Street parking, driveways and home garages are generally forbidden in this experimental new district on the outskirts of Freiburg, near the French and Swiss borders. That doesn't mean that car ownership is not aloud but there is only two places to park, large garages and homes. This cuts down on money costs for Germany by a long shot because with no cars then people don't have to spend money on gas, and Germany's streets will be safe without the cars messing up the roades and less car accidents will occur. Although citics may say that it will be difficult for people to get around, it stands that people are just happier this way. For example, Heidrum Walter is a media trainer and a mother of two says, ""when I had a car I was always tense. I'm much happier this way.""

In Paris, they enforced a partial driving ban to clear the air of the global city, after days of near-record pollution. Motorists with even-numbered license plates were ordered to leave their cars at home or suffer a 22-euro fine ($31). Same for the odd-numbered plates the following day. Almost 4,000 drivers were fined. Which is an effective way to lessen pollution in Paris since it is so polluted in the first place. They also said it was easier to imagine than a car-free Champs-Elysees. Doing this got them great results as well, congestion was down 60 percent in the capital of France after five days of intensifying smog, which is rivaled by Beijing, China for being known as one fo the most polluted cities in the world. The smog was cleared enough on Monday for the ruling French party to recind the ban for odd-numbered plates on Tuesday.

In Bogota, Colombia millions of Colombians hiked, biked, skated or took buses to work during a car-free day. Which left the Colombian streets devoid of traffic jams. Traffic jams are pretty annoying and no one wants to go through them so making up a day like this is extremely good for the environment and for your phyci as well. If people would violate this day they would get charged $25 fines. Carlos Arturo Plaza, a businessman said, ""It's a good opportunity to take away stress and lower air pollution,"" so doing this day it would make people more relaxed and happy but also be good to the enviroment just like in Germany.

In the end of the day, it is important to know that all of these things these countries are doing are for the good of the world. It is good that it is more of a mandatory participation then a optional objective so that people won't take global warming seriously even though it is.    ",4,3.0,3.0,3.0,3.0
7373a64,"the challenge of exploring venus is one of the brightest points of light in the night sky, making it simple for even an amateur stargazer to spot. however, this nickname, is misleading since venus is actually a planet. In a solar system, venus is the second planet from our sun.

they call venus like the earth twin..

Venus is the closest to Earth in terms of density and size, and occasionally the closest in distance too. Earth, venus, and mars,our other planetary neighbor, orbit the sun at different speeds. While venus is simple to see from the distant but safe ventage pointof Earth, it has proved a very challenging place to examine more closely.

MY ESSAY.

The callenge of exploring venus is one of the biggest points of light in the night sky, these differences is speed mean that sometimes we are closer to mars and others times to venus. Because venus is sometimes right aroundthe corner in space terms humans have sent numerous spacecraft to land on this cloud draped world A thick atmosphere of almost 97 percent dioxide blankets venus. Also notable, venus has the hottest surface temperature af any planet in our solar system, even though mercury is closer to our sun. astronomers are fascinated by venus because it may well once have been the most Earth like planet in our solar system. long ago, venus was probably covered largely with oceans and could have supported various forms of life, just like Earth. Today, venus still has some features that are analogous to those on Earth. The planet has a surface of rocky sediment and includes familiar features such ass valleys, mountains, and craters. Imagine a blimp like behicle hovering 30 or so miles above the roiling venusian landscape. However, peering at venus from a ship orbiying or hovering safely far above the planet can provide only limited insight on ground conditions bacuse most forms of light cannot penetrate the dense atmosphere, rendiring standard forms of photography and videography ineffective. A thick atmosphere of almost 97 percent dioxide blankets venus. ",1,3.0,3.0,3.0,3.0
62ee2c7,"""The author suggests that studying Venus is a worthy pursuit despite the dangerous it presents. I think the author supports it's idea ok but not enough for somebody to risk their life to go and study it. The author really doesn't use that many details for this idea.

Venus is one of the brightest points of light in the sky right? So why wouldn't you wanna go and study venus I know I would. That's why the author want you to go study it. He is basically telling you all this information about Venus and all these stuff it has. Like,I didnt even know venus was aa planet until I saw it in the text.""Venus is actually a planet"". Exploring venus is life risking cause its so close to the sun but also close to Earth.

The author really give alot of supports about studying venus in the text. Lik he really only talked about a venus is close to earth and thee sun. He doesnt really give good supports to his idea. But also the author is giving som supports on how its worthy to study. Like nobody has ever actually stayed alive on venus more than a few hours on venus so what if you do you would be the first to ever alive on venus more than a couple hours hours. Would you wanna take a chnce of your life to visit venus?

In my conclusion I actually think the author can get away with this for other readers to go and study venus. Even though he gives a little supports but not enough. ",2,2.0,2.0,3.0,2.0
b4322b4,"The author suggests that studying Venus is a worhty pursuit despite the dangers it presents because Venus has a lot of similarities and differences with Earth. Venus is very hot, the atmospheric pressure is very high. That is why studying Venus will be such a hard task. But it also has a lot in common with the Earth. Venus is close in size and is the closest planet to Earth.

The author says that studying Venus will be a difficult task because Venus and a lot of similarities and differences than the Earth. The average temperature on Venus is over 800 degrees Fahrenheit. Your book will burn up because it is too hot and Venus will melt any phone or tablet as well. In the article it says ""Venus has the hottest surface temperature of any planet in our solar system"". Venus also has a thick atmosphere of 97% carbon dioxide that surrounds Venus. Which makes it even more challenging because of its clouds of highly corrosive sulfuric acid in Venus's atmosphere. Another reason why it is such a hard task to get to Venus is because the atmospheric pressure is 90 times greater than what we usually experience on Earth. In the article it says ""Such an enviroment would crush even a submarine accustomed to diving to the deepest parts of our oceans and would liquefy many metals"". This means that we have never experience any atmospheric pressure that high ever. Venusian geology and weather present has erupting volcanoes, powerful earthquakes and more frequent lightning strikes than Earth.

Venus is one of NASA's hardest task to try to make it to there. Venus has such a crazy high temperature and a very high atmospheric pressure. Venus has a highly corrosive sulfuric acid in that surrounds it. There are many more reasons why it is so hard for us to try to study Venus. But so far no one neither a spaceship has touched Venus yet for three decades and only time will tell when we will be able to make it to Venus.",3,3.0,3.0,3.0,3.0
9888e23,"I strongly disagree they sound not use a computer to express how people feel, I think if a person wants you to know how they feel they will tell you. As the passive provides, ""Empathy ( feeling someone ele's emotional state) may happen because we unconsciously imitate another person's facial expressions"" (Nick D'Alto). This showes the readers that really anyone can change there emotions and make you think they feel this way because we have the ability to change just how we feel, we have self control over it. people can creat a facial expression like how they do in acting when they computure reads your face. So if i person wants to express how they feel wth other they will tell you, but you dont need technolgy to have a person tell u how they feel."" For instance, you can probably tell how a friend is feeling simply by the look on her face"" ( Nick D'Alto). This showing that a human eye can detect the emotion by a facial expression."" Imagin a computer that knows when you're happy or sad"" ( Nick D'Alto) First off that would be creepy but, most important can a computure change the way you feel by telling you how you feel? Wouldnt you know how you feel? "" A classroom computer could reconize when a student is becoming confusted or bored,"" DR . HUnang predicts. If you look at a students face you can tell by they way there face expression is that they are confused or bored. Plus you in school most likley your bored. If a student is confused they are also able to ask any questions. Most students feel stupid when they as what something is or what it means, but not asking doesnt help. So you can truly tell how people feel. ",3,3.0,2.0,3.0,3.0
ef1438f,"Most people can't live without there car but in Vauban, Germany Street parking, driveways, and home garages are completely "" car-free "". Experts say that tis a huge inpediment to current efforts it reduces greenhouse gas emission. Only transport people have there is bikes, walking, or buses. They seem to like this way better then taking a car back and forth throughtut the day.

Paris has also taking part in this after days of near pollution, Paris enforced a partial driving ban to clear the air of the global city. People were ordered to leave there cars at home if not will be fined. Congestion went down 60 percent in the captial of france when people left there cars at home. Exceptions were maded to were they allowed people to use plug in cars and cars caarring 3 or more passengers. Eventually the smog cleared out maybe not using your cars all the time might be a good thing to do.

Another Interrestiing Thing In BOGOTA, Colombia, Colombians hiked,biked. skated, or took buses to work during a car-free day leaving streets eerily devoid or traffic jams. most colombians said that its a good optunity to take aays stress and lower air pollution. With people not really using there cars anymore parks and aports centers bloomed and rush our restrictions have dramatically cut traffic.

In America President Obama's ambitious goals to curb the United States' greenhouse gas emission studides have shown that fewer cars, driving less and getting fewer licences as each year goes by. So maybe friving less and really taking buses,taxis,walking, and riding bikes is a really good way to get arounfd instead of driving a car all the time buying gas and polluting te air maybe be better for the world.                                                      ",1,3.0,3.0,3.0,3.0
e930068,"Are you a person who wants to help people you don't even know? If you are, join the Seagoing Cowboys program. They help people who were in the World War 2 that lost their homes, and everything they own. Reasons why you should join are; many cities were left in ruins, and they need help to fix it.

Also, after a long trip, fun and games are availble. And, you joining could save lives. You should join the Seagoing Cowboys program.

First off, many cities were left in ruins, and they need help to fix it because of the World War 2. Lot of cities were destroyed during the war, and some people, need our help to rebiuld.

Next, Fun and Games are availble. After all of the supplies are taken to the location where they dropped off, the place is nearly empty. The people made ways to have fun by plating Volleyball, Baseball, and other sports. Life with the Seagoing Cowboys would be very exciting.

All in all, Life as an Seagoing Cowboys would be amazing.",2,2.0,2.0,3.0,2.0
1319f06,"We are coming to a time in history where our knowledge of technology is at an all time high. We have new phones, computers, ipods, and a bunch of different devices that we use in our everyday lives that we depend on every single day. As technology advances we see many new inventions and usful things come into our lives. Some of these things can cause a harm to the people in different ways, but some are things that will change the way we look at life, one invention that will change all of peoples lives forever, in the good way, is the driverless car. These cars will change how we as a people go about our every day lives and how we handle ourselves.

There are quite a few major benifits to the driverless car, for instance, the cars will be able to cut down on the amount of injurys and even deaths for texting and driving. Instead of having to try and drive while answering a text message people will be able to look down and talk on the phone while the car in driving itself. Another way this car will benifit us is how effective it will be at cutting down pollution. The driverless cars will cut the gas used in half in major areas where taxi's are one of the main sources of transportation. This will help the entire planet by cutting down the hurt on the ozone layer.

This car has other benifits as well. Such as it's constantly updating 3-D sensors that make the car aware of what is around it. This improves safety and the reliablity of the cars giving the person in the car more confidence in what it is doing. The cars also contain a feature that would alert the person in the car if there was something coming up that the car may not be able to handle on its own. This improves safety and majorly brings down the amount of crashes.

However, these cars are not perfect by any means. They are sitll a work in progess meaning they will have some difficulties, or things that would hold them back. One of those things being that even thought the cars dont have a driver needed most the time, they will still need the drivers to take over in some situations. These include times when they are approaching a car accident or road work. They will have to be driven by the driver to get around it. They also have a confusing part to them. If they do in fact get into an accident whose fault would it be? The human who owns the car or the manufacturer? This could cause for some long and dramatic legal cases no body wants to deal with.

The advancment in technology in recent years has led to many ground greating discoveries. With the way we are headed we may be in store for a world full of technology. Will driverless cars be a factor in the future? If they can perfect it and get them up and running, then yes they can.",4,3.0,3.0,3.0,3.0
ae2834e,"Driverless cars? I feel as if they arent safe on the roads, like they are moe likey to get into an wreak. What would the driver do when the car was drivng its self. How would the car alert the diver quick enough to make the driver take the wheel. I just feel like these things wouldnt be safe on the roads.

Who would be responsable for the wreacks caused by these cars? the driver wasnt driving so how is it there fault? Would u blame the car or the person in the car? I just dont know what we would do if something where to go wrong with these cars while there on the road. How would we know who was responsable. These cars may be cool and may look fun, but what would we do when somthing goes wrong and the car doesnt seem fun or cool anymore. When someone gets injuied in the car would they take it off the market?

I just feel as if driverless cars are not the best thing that the everyday person would need, I feel as if people on the roads would be safe with out those cars on the roads. Also these cars might not even work when u need or what if the driver falls asleep and what if the car doesnt even know where it is going. How would we know that these cars would be a hunderad percent safe, or at least close to a hundered percent safe. This is why I feel the roads would be more safe without them on the roads.",3,2.0,2.0,2.0,3.0
d5149be,"I believe that the electoral college should not be kept because it is an unfair system of voting. There are flaws in the electoral college system that make it an unfair system to choose our president. Some of the things that are wrong with the electoral college are that voters can't control whom their electors vote for, in case of a tie there is not a fair way to pick the president, and the winner-take-all system is unfair to voters.

In the electoral college voters aren't essentially voting for a president but they are voting for a group of electors who will then elect a president. The electors can be picked in many different ways. Sometimes they are they are picked at state conventions, they can be picked at state party's central committe, or sometimes the presidental canidate picks them themselves according to Bradford Plumer (source 2). Plumer says that voters can't always control who their electors vote for and sometimes voters get confused on who to vote for. The system to pick electors can be bias. For example in 1960, segregationist in the Louisiana legislature almost achieved in replacing the Democratic elecotors with electors who would not elect John F. Kennedy. Meaning if Kennedy would have gotten the popular vote in Louisiana, he still would not have gotten the electoral votes in the state.

In the case of a tie, the electoral college would yet again be an unfair system. If there was a tie in the election, the election would be given to the House of Representatives. In that election, each state has only one vote. So a state with a bigger population has the same say than a state with a smaller population. According to Plumer, because many voters vote one party for president and another party for Congress, the House's selection will not entirely reflect the will of the people. A tie in the electoral college is possible beacause the amount of electoral votes is 538 which is an even number (source 3).

The electoral college is also unfair to voters because of the winner-takes-all system. The winner-takes-all system awards all the electors to the winning presidential canidate (source 1). According to Plumer because of the winner-takes-all system canidates don't spend time in states they know they have no chance of winning (source 2). Counterclains suggest that because the election depends on the vote of swing states, voters there are more thoughtful and should be the ones to decide how the election goes (Richard A. Posner, source 3). The comment that voters in swing states are more thoughtful is vague (not all voters in swing states have to be media literic), and it is unfair to other states if only the swing states are important to the canidates. Other states will not get enough and fair information about the presidental canidates.

In total, the electoral college is an unfair way to choose our presidents. The method has a lot of bias and doesn't give a fair voice to all the states and its voters. The method has a lot of flaws and is a non-democratic way to elect our presidents.      ",5,3.0,4.0,3.0,3.0
8e1ad14,"This technology could help students,teachers actually almost every person on the earth ecspecially if they dont want to come out and talk to you usually means there is a reason ,they are depressed, just got divorced or maybe is just having a bad day but you dont know what to say because you dont know what their emotions are and you dont want them to flip out on you, I got the perfect answer use this Facs machine to see what the persons emotions are.

Therapist could use this machine to see what their patients emotions are and it would help the patient open up to the therapist because the therapist knows exactly how the client is feeling.This machine would also be useful in school because the teachers and the counclers could see what each student is feeling and itr would hep the kids who have bad lives at home actually open up and let the school personel know about it and they could get to the bottom of it.

The Facs machine would be an awsome invention to have because it does no harm what so ever and you can use it for good reason to get people who are hard to have a conversation with open up, Therapist and schools could use this machine to make sure everyones mental health is allright and people are not being depressed.         ",3,3.0,2.0,3.0,3.0
876217e,"There are a few reasons why it's good to not drive your car. One, is that your car emits so many greenhouse gases. And greenhouse gases are baad for the enviroment. Two, is that it promotes the use of bicycles and/or public transportation. Three, you really don't need your car anyways. Those are the reasons why I say that it would be good to limit car usage.

My first reason why I say we should limit car use is because of the greenhouse gases we are releasing into the air. In article, ""In German Suburd, Life Goes On Without Cars"", paragraph 5, it says, ""Passenger cars are responsible for 12 percent of greenhouse gas emissions in Europe...and up to 50 percent in some car-intensive areas in the United Sates."", which means that 50 percent of the greenhousse gases that we release comes from cars.

My second reason why we should limit car us is because if we use cars, we would use something else to get around like a bicycle. And if we use a bicycle we wouldn't be releasing any greenhouse gases.""It has seen the construction of 118 miles of bycicle paths, the most of any Latin American city, according to Mockus, the city's mayor."" stated in article, ""Car-free day is spinning into a big hit in Bogota"". This is prety much encouraging us to use bicycles instead of cars.

My third and final reason why we should limit our car usage is because we really don't need cars. We only use our cars to get us from place to place, stated article, ""The End of Car Culture"", paragraph 40 which says ""A car just a means of getting from A to B when BART deosn't work."" And why use a car, when you can use public transportation instead.

Now that yo know my reasons for limiting car usage, maybe you can try doing it. Limiting our car usage will give us less air pollution and give us a reason to ride our bikes instead of driving our car.    ",3,3.0,3.0,3.0,3.0
e759873,"Not A Face

The Face on Mars is just a natural landform, although some people believe that the Face is bona fide edvidence of life on mars I can insure you its not. I can give three good reasons why I am insisting that this sculpture is just a rock. First of all we had a better camera when we went back to investigate. Second of all we double cheaked our reasch. And third of all both results proved that it indeed was just a landform, much like Americas.

In 1998 we send a special team called the MOC to investigate the Face. The MOC team snapped a picture ten times sharper than the original photos back in 1976. These photos came back stating that it was a natural land form. But not everyone was satisfied. At that time the MOC had took the photo it was winter in April '98 on the planet- a cloudy time of the year on mars. The camera might have been fogged.

Two prove ower statement in 2001 we sent the MOC to take a second photo of the Face this time during the planets summer and with an even better camera. This newer camera had higher definition than the other two. When results came back they, again, stated a natural land mark.

As you can see not only did we cheak once but twice both supporting NASA'S claim that ""the Face of Mars"" was just a rock after all.",3,3.0,3.0,2.0,3.0
dd32ed4,"A great many people belive that the Cydonia mesa is created by extra-terrestrial life forms or 'aliens'. While this is a very popular opnion that appears through out the media, such as books, magazines, and talk shows, it doesen't seem to have the scientific proof the back it up. The Cydonia mesa was created though natural means and there were cerntainly no aliens involved.

Some people might say that NASA would want to cover the mesa up if it was created by aliens, which make no economic sense. If extra-terrestrial life was found, NASA would get sizeable grants from the goverment to continue with the space exploration program. NASA decribed this as a ""huge rock formation...which resembles a human head...formed by shadows giving the illusion of eyes, nose and mouth"". There was no mention of aliens.

Many imaging devices were sent to find out wether the Cydonia mesa was in fact an alien artifact. Their names were the Mars Global Surveyor and Mars Orbiter Camrea, each one better than the last. Better camreas, better crews, and everyone was trying to figure out this strange land mass. This was hard, because it takes a long time to line up a camera perfectly with an orbiting, spinning planet.

Finally on April 5th of 1998 Mars Global Surveyor flew over the mesa and snapped a picture. No aliens to be seen anywhere. Still, people weren't satisfied. They protesteted that the picture was taken in cloudly weather and thats why there were no extra-terrestials.

On April 8th of 2001, a cloudless, summer day, they flew over again and snapped a picture. In this picture it was crystal clear it was just a mesa. There were no signs of alien life and nobody was able to dispute it.

There was not one thing on that planet that even remotly pointed to the idea of extra-terrestrials on Mars. Even if there was, NASA would report it as soon as possible for financial gain. The money they would get to keep looking would be sizeable. So they decided to look, and they sent up many camreas to get photos. All those photos proved one thing. The Cydonia mesa was created though natural means and there were cerntainly no aliens involved.",4,3.0,3.0,3.0,3.0
7c64ee2,"The use of technology improves people's daily lives, especially in school. With all the technology that we now have available, it is easier than ever to learn things, and with newer technology coming out it is only becoming easier. The use of the Facial Action Coding System to read the emotional expressions of students in a classroom is valuable because it helps educators, allows students to learn better, and keeps students engaged.

This technology could be very valuable and helpful for educators. Educators have a very important job. They are building the future for society, which can be very hard. Teachers have to deal with many students, and every student is different. With the use of the Facial Action Coding System, teachers don't have to worry about a teaching method that will not work with all students. In the article ""Making Mona Lisa Smile"" by Nick D'Alto it says that the system recognizes if a student is confused, and alters the lesson to better fit the student. This allows educators to not worry about finding a teaching method that suites every student. This technology also helps out educators, because it works one on one with students. It's made to help every student individually by reading the student's facial expressions. As student's learning patterns may change, the system changes with the student. The use of this technology will also be helpful for teachers because educators can take a look and see what teaching methods work the best with students overall. In the article it says the system can detect when students are confused and bored, so educators can use this technology to see what doesn't make students feel confused nor bored. This technology could be very valuable and helpful for educators.

The Facial Action Coding system is valuable because it allows students to remain engaged. In the article,""Making Mona Lisa Smile"" by Nick D'Alto, it describes how the system can regognize how a student is feeling. The lesson changes depending on how the system reads the student's reaction. The system can read when a student is bored and change up the lesson. This is essential because it allows students to be more engaged in learning, since it will no longer be as boring as it was for them. The system may also help students to remain engaged in learning because nobody would be learning something the same exact way. In the article it says that lessons are modified to fit every student using facial recognition, so students would be learning in a way that suites them personally. This technology also keeps students more engaged because they would feel happier, because the system tries to keep students engaged and happy. In the article it says that the system can ready when people are unhappy, so the system would try to prevent students from feeling that way about learning. The system could really help students be more excited about learning.

Using the Facial Action Coding System to read the emtional expressions of students in a classroom is valuable because it allows students to learn better. In the article ""Making Mona Lisa Smile"" by Nick D'Alto it says that the system could ""modify the lesson, like an effective human instructor"". All students would be able to get helped individually, one on one with the system. The system also allows students to learn better because everyone learns things differently, and the system would be able to adjust for every student's learning style. In the article it says that the system can detect if a student is confused, so the system would be very valuable in classrooms because it would make sure that students are not confused. The system would make sure that students are actuallly comprehending the material.

The Facial Action Coding system could be very valuable in classrooms. It has many benefits to both students and educators. It would allow students to remain engaged, learn better, and it would also help educators, A system like this could really allow all students to reach their full potential.",5,3.0,3.0,3.0,2.0
2e1756a,"Children in the near future could learn in new and exciting ways! The use of the Facial Action Coding System can help children learn lessons that they may not understand in a classrom with one teaching method. This can be excellent for helping children with special needs, finding out how children learn best, and keeping certain problems at a low. I'd say that this can be a revolutionary change for the learning process.

Children with special needs, such as ADHD, could be able to learn beter. The machine would be able to read their expression while learning and find a way to keep them on the track they need to go. This could help people with downs too! They could calculate their expression and change the way of teaching to make them better understand what is being taought because some aren't too good at communicating verbally.

FACS could help regular chindren learn better too! They could be taought a small lesson on individual devices with FACS on it, while they learn their emotions can be calculated to test to see what way of learning best suits them. They could to this for about 10-15 minutes a day with different teaching methods. After a few weeks the computer should know what method works best for each individual student. At that poiont the time taken could teach each student indeviduallly what they need to know in the way that works best for them and can improve test scores.

The system can keep ""troubble"" or problems at a low. This device could keep the attention of the ""troubble makers"" so they dont have to gain attention elsewhere by having lessons that seem to be more fun to the child. It can also tell when a student is lying about important things like bullying and harrassment. FACS can help children with drepression too! A big problem with teens and pre-teens is that the stress of school can cause depression. The article states that pecticing emotions can make u feel that emotion. Children can go to a counselor

and have their emotion read then have proper exercises to improve their emotion.

In conclusion, FACS can help multiple probles in the learning space. It can inprove learning for children and those with special needs. It can keep certaiain problems such as troubble making children at a low. It can also help children find a way of learning that best suits them. Overall FACS cn make the learning environment a better, more fun place.          ",4,3.0,3.0,2.0,3.0
b7f249d,"Have you ever been able to imagine a time where cars could drive themselves? If they were manufactured would they be safe? The manufacturers say that they are safe. They haven't figured out how to program ways to get around traffic jams or constructon cites. If or when you get a driverless car you might still have to do a little bit of driving. BMW announced the development of ""Trafic Jam Assistant (TJA).""

The car could handle speeds of up to 25 mph.

When you have to take the wheel of the car, Googles car will simply anounce that you need to take over. Some other options on the subject are over heard displays and windsheild lights. Would these ideas be safe? Well these diusplays can be turned off which would be something not readily available to people who text and drive. This way the in-car system is actually a safety feature. Safety is a big concern.

A big car company, Tesla, has projected a 2016 realese for a car capable of driving autopilot 90 percent of the time. Mercedes-Benz, Audi, and Nissan planned to have cars out in 2020 that can completely drive themselves. Hopefully they will be safe. Almost all driving laws strive to keep drivers, passengers, and pedestrians safe. California, Nevada, Florids, and the District of Columbia lead the country in computer driven cars.

Would the computer driven car be a good idea? They cost more money for what, so you dont have to put your foot on the brake and petals? It would be just as safe as you driving a car. I dont think that computer driven cars would be economically efficiant.",2,3.0,3.0,3.0,3.0
99a0329,"The author supports the idea of studying venus with ahuge ammount of facts. like that venus use to be able to hold life like eartdid or that its super hot and too hot to put anything from earth on beacsue it will melt but personally i think that the author had no point in what he worte. he made it clear that no one can with stande 170 degree temperature and that no metal is gping to be able to withstand the heat either. so with that temerature no human life and no robot could go to venus. right? no. the author also made it clear that venus was like our twin and it use to have charestics like pur plant.

From the water covering the planet to the air. but now venus has a thick aptmosphere and we could never live on venus. that not the only reason though there is no water source its to hot and we couldnt breatth beacsue of how this the aptmosphereis in venus.

We nor no animal could withstand the heat on venus but the author argued that we could but in all reality we couldnt and it sint even a smart idea NASA is putting money into to something that wont worl and its pointless beacus eit 170 degrees and no one wants that. wed die. metal will melt and until we come up with non melting metal no one will live on venus ",2,3.0,2.0,3.0,3.0
57605e0,"In the article they are talking about a new technology called Facial Action Coding System where the computer can identify human emotions. I think that this new technology can be very valuable for teachers in schools to know when a student is sad or upset. The computer can help a teacher/adult to understand when a student is in need of a talk or needs to express their emotions. This is also very valuable because it could potentially save a life in bad situations. The computer facial coding system is valuable in my opinion for various reasons as you may see in this essay.

This system can alert a teacher or anyone when there might be something wrong with a person, whether it is good or bad. To be able to understand how a person feels may be one of the best new technologies created. Knowing when a person is feeling sad, angry, happy, etc, can really be great for if they need someone to talk to. It could make things better or make things not so good. Just having those options of emotions to be recognized is something very amazing. Even though this system can't contol your emotions or thoughts, it can really help to understand when there is something good or bad going on.

In the conclusion to figuring out if this new technology system is valuable, it most certainly is. It can be useful in many ways. I think another use for this could be in hospitals to detect if a patient is lying about their emotions. Even though a patient in a hospital may not like this because it can see their true emotions, it might be able to help them in the long run. If this technology can help manage what another person is feeling then it can make them see whats really going on, even if they lie about it.

The computer will construct a 3-D model of the face; all 44 major muscles in the model must move like human muscles. Movement of one or more muscles is called an ""action unit."" Dr. Paul Eckman has classified six basic emotions- happiness, surprise, anger, disgust, fear, and sadness- and then associated each with characteristic movements of the facial muscles. All of humans show the same facial expressions but maybe some at different times. The Mona Lisa demonstration is intened to bring a smile to our face, while it shows just how much this computer can do. ",3,3.0,3.0,3.0,2.0
99be5d5,"Cars can have a really bad effect on society. It can cause stress, car accidents, and money issues. Limiting cars has alot of advantages, it's a stress reliever, no car accients or worrying about how your gonna have to pay your car insurance.

In Vauban, Germany residents are living without cars. One women Heidrun Walter, a mother of two, explains how she is much happier without her car.  57 percent of people have moved to the community when they heard about the community. It is said to be called smart planning. Cars are responsible for 12 percent of greenhouse gas emissions in Europe and up to 50 percent in the U.S.. You don't have to worry about how your going to make it to your favorite store or market without a car because stores are places a walk away, on main street. The Enviormental Protection Agency is promoting car educed communities and legislators are starting to act.

Paris enforced a limiting driving ban to clear the air of the global city. Congestion was down 60 percent in the capital of France just after five days. France enacted a tax policy that favors diesel over gasoline.

Bogota, Colombia created a program called the car-free day. Powerful people from other countries camre to Bogota to see the mindblowing event. Parks and sports center have been createdbecause of this event.

In the U.S. Americans are buying fewer cars, driving less and getting feweer licenses as each year goes by. Rates of car ownership per household and per person strted to come down two to three years befpre the downturn. Teens are starting to organize their life around when they can walk, take public transportation or car-pool.

If we were to limit car usuage will the enviroment get better or stay the same? Nobody is saying to get rid of all cars, people are just saying that we can limit the amount of cars we use or the amount of time we  spend driving them. Limiting car usuage is a very big step in a revolutionary change and also has alot of advantages to them.                                    ",2,3.0,3.0,3.0,3.0
edd052e,"I think it would be a good idea to give it a shot,

because there are many careless drivers or we are spending way to much money on fuel.

they even said i would only use half the fual than a regular car.

it alos sounds a lot safer and car could automacticlly know if you will hit something or someone.

i think upgrding the cars now to a safer and less expensive deal i think we should take that offer.

the moter is alot more stable as well or aplying the breaks on individual wheels and reduce power

from the engine and alowing far better response and control than a human driver could manage alone.

Alone with all of that it can even navigate with the traffic zones and aviode accidents and can steer accelerate, and break themselves.

The biggest concers with drivers and when they text and drive so they are saying the driverless car can avoid car accidents.",1,2.0,2.0,2.0,2.0
d9b142b,"There are some advantages without having cars to drive as seen in a suburb in German. This car free suburb has band the use of cars it is illegal to drive a car if you live in the suburb. it is a car free place although if you by a car you have to buy a special spot in a garage and spend upwards up to 40,000 dollars for a spot. People actually move to this suburb for the relief of driving a car because of the stress that goes into everyday driving. This suburb is living ""smart"" they have developed a new way to live this suburb is fitted with stores so you can still get all your groceries, clouths, etc. Living here it would be easiest to puchase a bicycle in order to get around in a faster way outher then walking. Here in this suburb over 70 percent of Vaubans families dont not own cars and 57 percent sold a to move here.

The car freesubhurb has slowly grown and its still growing everyday IN Vauban there are over 5,500 residents who live there within a rectangular square mile. STores are placed a walk away on a mainstreet rather down a road on a highway. Although the area in small enough to walk through the advanteges for shopping is great your not far from home and you can still take a bicycle to get around. The exhuast level in the air has decreased dramaticly in this suburb more and more places want to start this new way of living but outher people may not like living so close to eachouther some people like there privacy out and away from outhers.

Paris has band driving due to all the smog produced by all the cars. In paris driving you will be fined almost 4,000 people were fined for driving there cars. If paris resorts to the ""smart"" way of living as in Vauban German the smog levels would decrease raoidly if they banned cars.  Ome cities are even trying to band public transportation because of all the the smog. Thats a valad point if you were to band cars youd have to ban outher transportations like buses, cabs, etc. If the new style of living hits the united states my choice of transportation will be a horse just like the old days.    ",3,3.0,3.0,3.0,3.0
3755a66,"The idea of driverless cars is astounding. The thought of people no longer needing to buy cars is wonderful. It would cut down on pollution and deaths/injuries caused by automobile accidents.

The use of autonomous cars will decrease the amount of pollution in the atmosphere. The amount of pollution will be cut down by simply cutting down the amount of cars. One proposal for this is using autonomous cars a type of taxi system. The text states, "" Google cofounder Segey Brin can. He envisions a future with a public transport system where fleets of autonomous cars form a public-transport taxi system."" This shows that some of the worlds leading investors are looking at making public transport of only driverless cars possible. Another way it would cut down on pollution would be the amount of fuel consumption. Driverless cars are predicted to need half as much fuel as conventional cars. The text illustrates, ""The cars he forsees would use half the fuel of todays taxis and offer more flexibility than a bus."" This means that driverless cars, when used in a taxi-like situation, would be more fuel efficient and more practical than todays public transport system.

Another way autonomous cars would be beneficial is the safety they provide. Computers are more alert than humans and are always doing their job. This would mean that the nbumbe rof deaths and injuries because of car accidents would decrease. The text states, ""In 2013 BMW announced the developement of 'Traffic Jam Assistant.' The car can handle driving funtions at speeds of up to 25 mph, but special touch sensors make sure that the driver keeps hold of the wheel."" This shows that even though the car is doing majority of the driving, such as controlling speed and direction, the driver must remain alert while in the car in case of emergencies. Another way that autonomous cars make driving safer is onboard alerts. The car watches the road for hazards and if it finds one, alerts the driver. The text illustrates, ""While the driver watches the road, the car watches the driver."" This shows htat even though the driver may be focused on the road the car is focused on making sure the driver is driving safely.

Both of these advances will greatly change the way we drive. They will also help our everyday lives and make life more enjoyable.",4,3.0,3.0,3.0,3.0
1e26ea8,"I am against driverless cars. I feel this way because they will cost to much, there would be loss in jobs in the bmv, and if it cant get around roadblocks then why whould they be a good option.

Firstly the cost of driverless cars would be greater than normal cars now with all of the maitenence and the cost of aquaring the car. If something were to go wrong you would need to go to someone who specilizes in those types of cars. All of the high-tech gadgets in the car would cost way to much to replace. ot only the cost but what about the people who make a living off of making normal cars.

Secondly there are millions of people around the world that rely on making, and maintaning cars that would be put out of enployment because they wouldn't know how to get all of the gear into the car let alone up keeping them. Also people who make a living on making sure people know how to drive a car would be or of a job because no one would be interested in driving the would just let the car do it for them. The cars wouldn't be able to manuver around rodeblocks and accidents so whats the use for a car that doesn't know how to manuver around natural events.

Finaly natural occurences will happen and us as motorisses would need to know how to manuver around them. Imagen you're driving down a country road

at night when all of the sudden boom a deer walks out onto the road; its already

hard enough to avoid a deer when us as people are driving and even then we reduse our speed greatly when it happens so if we were to hit that deer the inpact wouldn't be that dangorous. What would the car do keep going at the same speed? If it does that one dear could kill who knows how many people in the car along with destroying the tech that comes along with it. Another situation would be what if there is a natural disaster like a hurricane and the city or town is evacuating; now lets say that there was a crash along the way and the cars don't know how to get around it, but nether do the people driving because they have relied on the cars to do the driving; no one would be able to escape the city before the hurricane because they had developed a relience on the cars.

These reasons are why I personaly thing that driverless cars should be kept in hollywood and in books because: the cost would be to high, jobs would be lost in manufactoring and upkeeping of the cars, and if the cars couldn't get around an accident or construction what good would it be.",4,3.0,3.0,3.0,3.0
831d17e,"As a scientist at NASA and from the research made by other scientists here at NASA I can tell that this here face is nothing more than just a landform. The Face is just a natural landform, it is not created by aliens. Although many people would love to think that the Face wa created by aliens, it is not. The face is widely spred out as far as 2 miles wide. This enomous head has cought a lot of media attention such as being in a Hollywood film, appearing in books, magzines, radio talk shows, and even radio talk shows.

This landform has become a pop icon, but even with all of this attention it doesn't change the fact that it is nothing more than just another mysterious looking landfrom on Mars. ""Thousands of anxious web surfers were waiting when the image first appeared on a JPL web site, reavling . . . a natural landfrom. There was no alien monument after all.""

After 22 years, from this first 1976 Viking 1 photograph pf the Face of Mars there was a picture that was taken of the same face ten times sharper than the original that blew away scientists and web surfers showing that there was no alien monument after all. This shows that the Face of Mars is nothing more than a natural landform on Mars.       ",2,3.0,3.0,3.0,4.0
4eb8e93,"Driverless cars would be expensive with all of those sensors? Also not every one is going to have a diverless car so if a accident happens will the person with the car that has a driver have the fault for it? Driverless cars are maybe coming but will every one allow it to happen.

I think how cars right now are fine they make it easier for us while on the road with safty and other things. Sensors are expensive period but a lot of sensors on one car, Cars now are expensive enough already. How much will they cost while being driverless.

Also cars are fast and slow, what kind of cares will be driverless. Will there be driverless racecars and semi trucks with heavy loads be next on the list?

Now talking about people with and without driverless cars. Let's say two cars are on the same road heading toards each other on a sharp turn. One care has a driver and one has no driver. The driverless car hits the car with the driver. So will the driver of the non driverless car be at fault for the accident. And gets all the bills. Or will the person or manufacture of the driverless car get the fault as the article says. If the manufacture is at fault the company would have to recall all of models of that car after a certin amount of accidents with those models of vehicles.

When driverless cars come we have to be prepared for it, everyone will. The Drivers, Manufacturers, Law makers, and other drivers without the driverless cars. So do you think driverless cars should come in to play?",2,2.0,2.0,3.0,2.0
12ec7bb,"Why is Venus such an interesting planet fro scientist to study? Venus is the second planet from the sun, and one of the brightest point in the night sky. Venus is an amazing planet, and also pretty unknown. Venus has many dangers for the human scientis. Venus is an Earth-like planet with many issues.

Scientist want to be able to send humans to the planet with the dangers Venus presents. Many ideas have been tested for a chance to be used and to survive. Despite all the dangers Venus has, its all worthy for this planet to be studied.

Venus is so important to scientist because it has many like features that Earth has. Scientist want to discover if Venus was covered with large oceans and if it supported life. ""Familiar features such as valleys, mountains, and craters."" Those are examples that lead Scientist to believe that there was indeed large covered areas of water and life. The features that Venus has, we have here on Earth. But Venus is much different now, and they're many dangers in the planet.

Venus is the hottest planet of our Solar System, despite that it is only the second planet from the sun. The atmosphere is almost at 97% of carbon dioxide, and the clouds are made out of highly corrosive sulfuric acid. ""Temperatures average over 800 degrees Fahrenheit."" The weather conditions on Venus are very dangerous for any type of human encounters. Scientist will still inovate a creation to make the study of Venus possible.

Scientist/ engineers will not give up on the study of Venus. They are working hard to invent an idea to support the conditions of the planet. ""Blimp-like vehicle hovering 30 or so milies above...""A great idea to sending human to Venus, is to create a hovering vehicle above hot surface. NASA is also working and testing simplifies electronics made of silicon carbide. The material will make it enough to make it throught the harsh conditions of Venus. The work of scientist so it is worthy to study Venus is incredible.

It might be hard and long-lasting, but it is not impossible for scientist to create inventions to study the surface of Venus. Having to study how Venus was just like Earth. Keeping the human being safe, once transported to the planet Venus. The harsh conditions is just an easy obstacle to overcome. The study of Venus will be amazing and encouraging. ",3,3.0,3.0,3.0,3.0
eab9ae4,"The counterclaim: Our travels on earth and beyond sold not be limited by dangers and doubts but should be expanded to meet the very edges of imagination and innovation. The evidence is in paragraph 6 many reasearchers are working on innovations that would allow our machines to last long enough to contribute meaningfully to or knowledge of venus.

In the article ""The challenge of exploring venus"", Mostly talks about venus is worthy pursuit despite the dangers it could be .

One reason why it's dangerous is because no one have maded to venus. For example in paragraph 2 in sentence 5 it states, ""Each previous mission was unmanned, and for good reasons, since no spacecraft survived the landing for more than a few hours"". Another example in paragraph 2 sentence 6 it states, ""maybe the issue explains why not a single spaceship has touched down on venus in more than three decades.

A second reason why it's dangerous is that NASA is exprienceing new object to see if they could land in venus. For example in paragraph 5 in the second sentence it states ""NASA possible solution to the hostile conditions on the surface of venus."" A second example on why NASA is using objects is in paragraph five sentence four it states ""A vechicle hovering over venus would avoid to unfriendly ground conditions by staying up and out of their way"".

A third reason why it's dangerous is that humans are not believing and wanting to go to venus. For example in paragraph eight it states ""Striving to meet the challenge presented by venus has value, not only because of the insight to be gained on the planet itself, but humans curiosity will likely lead us into many equally intimidating endevors"".

""The challenge of exploring venus"" Is worthy pursuit despite of danger for these reasons, Alstranouts not landing, NASA making a new object to try to land, and humans not wanting to believe what's happeing and wanting to go to venus. I perdict that those were why the author suggest that studying venus could be dangerous.",2,3.0,3.0,2.0,3.0
6dea6b8,"In the article ""Making Mona Lisa Smile"", the author is presenting and explaining the new technology that has been made on human an computer communication. In the article he talks about technology that has been created to alter the learning curve in our new generations children. The new technology could completely change the way that our new generation learns. By taking a little movement in your face and mathematical putting your face into numbers.

For example, in paragraph six the author says, ""for example, if you smile when a Web ad appears on your screen, a similar ad might follow"". The author tells how this new face decoder could change your learning path by choosing if you should slow down because your confused, or keep up if you follow with a lesson. The author is just supporting the claim that this new technology should belong in a classroom.

The author supports bhis claim once again in the first paragraph he says ""she's 83 percent happy,9 percent disgusted, 6 percent fearful, and 2 percent angry."" The technology the author has been talking about this whole time just put Leonardo da Vinci's painting Mona LIsa face into one and zeros.

If this incredible machine can help our youth than I think everyone should agree on it. The new technology the author talks about is the best helping hand to students. The computer could be the student own personal tutor. This is a revolutionary turn on the eduacation of students.

The author also talks about testing the reader in this article by making you make a smiling face in paragraph seven and testing if you felt happier just by making the facial expression. By just tensing up the muscles for an facial expression can actually give the expressions of the facial movement.

The article gives plenty of prove to show that the machine could be a benefit to are students. the article points are clear and strongly backed behind. The gives every expression that his new technology is good.",3,2.0,2.0,3.0,2.0
135eb15,"Dear Florida Sentator,

It is in the interest of your state and your nation that you insist the keeping of the Electoral College system of voting. This is overwhelmingly clear because it allows the presidental canidates to focus on the country as a whole in their campaign trail instead of relying on a single region to win the presidency for them, it has been present in this nation  since out founding fathers, and the system also shows a clear winner in the end of the election.

In order for the presidental canidate to have a reasonable chance at winning the presidency, he or she has to appeal to the country as a whole instead of just focusing on a particular region. This is all due to the Electoral College. A canidate who is practically assured to win in a region, such as the Northeast, would not campaign as much in those states. The article

In Defense of the Electoral College highlights that if that canidate were to becaome president of the United States, ""The residents of other regions are likely to feel disenfranchised...that their votes do not count...that he really isn't their president."" Just think about that. Imagine having a president who got elected just because he won over the South. It would be as if he or she had only that region's interests at heart and did not care for the rest of the nation. The Presidnet is suppose to be the leader for the whole nation, not just a section of it. If this were to happen,the nation would be fractured, all because we got rid of the Electoral College. Some might argue that that probabably would never happen, and it might not, but we always have to keep in mind the worse scenarios to ensure the best decisions for the United States.

The Electoral College is arguably an old method of voting. It was established by our founding fathers and has been quite realiable over the couple hundred years it has been in service. Admittably, there have been a few blips in the system, but what system doesnt have kinks that need to be rolled out once and a while? It was intended to be ""...a compromise between the election of the President by a vote in Congress and election of the President by a popular vote of qualified citizens."" as explained in

What is the Electoral College?

Why should this system be outed because of a fleeting feeling of anachronism? The intention of this system is meant to give equal votes to both the people and Congress.

The Electoral College system of voting has been under scrutiny lately. It has been a controversial issue. The system has had its share fo faults, but no more than a new system of voting would have. The Electoral College has served its country well and has given voices to the small states, given canidates a broader spectrum on their campaign trail, has been around for over 200 years, and shows a clear winner when all the votes are counted. Don't listen to the people telling you to stop the Electoral system Senator, because it is a valuable part of out nation.                            ",4,3.0,3.0,3.0,3.0
6c18dde,"Venus

Venus is the closest planet to earth and in terms of density and size. Venus is a very interesting place that scientists are always trying to find a way to discover new things about Venus, but that the planet is so inhospitable. Astronomers are so amazed by Venus because Venus may be the most earth-like planet in our solar system. Venus can have some features that the earth has and that it's our nearest option for a planetary visit. Venus can be a challenge to us because we human have curiosity what that planet can offer to us.

Venus has some smiliar and difference to earth because they both have different speed on the way they orbit the sun. Venus can be a challenge to us because it can be hard for us to get there. In that the degree temperature on Venus surface is over 800 degrees faherenheit and that atomsperic pressure is 90 times greater than we experience on our planet. Even though that Mercury is closer to our sun Venus has the hottest surface temperature. The National Aeronautics and Space Administration wants to send humans to study Venus so they can answers to there questions that they have.

To study Venus, it has risks because researchers cannot take samples of rocks, gas, or anything else, from a distance. Therefore scientists are trying to find ways to get a close up look or to get things from there to take back to earth, but in order to do that there are risks. Researchers are trying to build machines that can last long, at least to get some information about Venus. The National Aeronautics and Space Administration are simplifing some electronics and trying to look back to an old technology called mechanical computers. Venus has gained value to humans because we are so curious when we find out something new and we just need answers in order for us to stop being curious.

The whole main thing is that humans always face new challenges and with those challenges we try to overcome it. Venus made humans curious because there are some smiliarties and differences about earth. But in order to try to find answers there can be risks. Humans always tries to find ways to get answer, facing new obstacles, building new stuff, or just predicting things. Venus is a new challenge for us, but with the right techniques we well find answers.",3,3.0,3.0,3.0,2.0
96b0039,"I disagree that the use of this technology to read the emotional expressions of students in a classroom is valuable because why should we care if this kind of technology knows about our emotions, It is a waste of time and money, worst things could happen if FACS becomes the next big thing.

First, why should we care if this kind of technology knows about our emotions. Technology is basically making life easier to work. For example building constructions with cranes, using snow blowers to get the driveway cleared up faster, building wind turbines and solar panels to harvest energy from the earths elements. This type of technology does not need to know how we feel. Technology should only envolve if it is going to greatly effect the future in a positive way.

Second, it is a waste of time and money. There is no benefit of having Facial Action Coding System but one, reading our emotions. It is the peoples' job to know how all of us feel. People who are into technology should only spend money if and only if they are making life easier. FACS should not be pattented, it is a waste of time, and no benefit but one and that is reading our emotions.

Last but not least, worst things could happen if FACS becomes the next big thing. People out there already making androids that speak like humans, look like humans, and eventually act like ones. What is next? Androids doing their own job by doing curtain actions, or maybe taking our everyday jobs so that we can sit on our couch being lazy, and get fat because we are no longer proactive. My history teacher said,""When is helping hurting?"" You don't realise it until something bad happens.

In conclusion, the use of technology to read the emotional expressions of students in a classroom is ""not"" valuable because we shoud not care if FACS knows about our emotions. It is a waste of time and money because it does not make life easier, and worst things could happen if this kind of technology becomes the next big thing.",3,2.0,2.0,2.0,2.0
2c90891,"Ever wonder how the world would be without cars?  Some advantages would be, cutdown on smog, less traffic jams, and much less car incipients. The world would positively be changed. Paris has already taken action to fight against the crisis of these negative effects on the city.

Parking is one problem about going somewhere like the beach and you cant be close to the beach because someone is already there. VAUBAN, Germany-Residents of his upscale community are suburban pioneers, going where few soccer moms oc commuting executives have ever gone before: they have given up their cars, according to Elisabeth Rosenthal, source 1, paragraph 1. Therefore, car accidents may happen at a higher chance, due to the overload of cars on the road. Cars are best used for far traveling and can go much faster and carry more of a load when going on a 200 mile trip, I would not want to have a bike.

According to source 2, Robert Duffer, claims in paragraph 1, Paris enforced a partial driving ban to clear the air of the global city. They put a 22-euro or $31 fine on anyone that did not leave their cars at home, according to paragraph 2. During that fine, 4,000 drivers were fined. Reducing car use can make the air or sky clear without smog, Diesel fuel was to blame. Paris has typically more smog than other European capitals, because Diesel makes up 67 percent of vehicles in france.

Remember those time comsuming traffic jams that cause you to be late for just about anyhting? Moreover, limiting car usage can stop all those incidents and can clear up all of the roadways. Bikes, trams, city buses, can change the world of pollution. Delivery companies complained of lost revenue, while exceptions were made for plug-in-cars, hybrids, and cars carrying three or more passengers, according to source 2. The bikes through the city can be more friendly and also give opportunity for getting to know your neighbors in your neighborhood.

Reducing the car use will definetly benefit lots of people. What do you think the world would be like without cars? Would the deletion of cars set us apart from shipping? The people that enjoy traveling, they would have to switch to a hybrid or gas friendly car in order to save the environment and money.    ",3,3.0,3.0,3.0,3.0
621dec3,"Do you believe in aliens? If so do you believe they left acients remains behind? If you do you're not the only one . About 25 years ago NASA's Viking 1 space craft was circling the planet of Mars , snapping pictures of possible landing zones for it's sister ship viking 2, when it spotted the likeness of a human face . The head was aproximatly two miles long and was staring back at the cameres from a region from Mars called Cydonia .

Mission control were suprised at first until they realised it was just another ""Martian mesa"". A few days later NASA unveiled the image to the public and the caption noted huge rock formation . . . which resembles a human head . . . formed by shadows giving the illusion of eyes, nose, and mouth. The authors reasoned it was a great way to attract attention to Mars . The ""Face on Mars "" has became a pop icon it has starred in many magazines and books.

All the fame that came from the marking soon died out this was all just a natural land formation , it had nothing to do with aliens . Have you ever heard of the

Snake River Plain of Idaho , well it has the same natural formations such as Mars. Many people including you believe that aliens created it ,but there is no proof , in contrast aliens have never even been discovered so why conclude they made this natural formation.

However there is a reason why some people may believ that this is an alien making. The cameras that were used that day had trouble getting a clear image because of the cloudy weather that day. So the image is very blurred which may lead to some differnt reasoning on the ""Face on Mars"". NASA try their best to get better shots to prove if it was an alien artifact or not , We felt this was important to taxpayers, said Jim Garvin .

Although , this image would bring NASA biliions of dollars if it had been discovered near an ancient civilization .It was only a natural earth formation caused by natural causes , if there was an earthquake would you think aliens made that to . No , exactly because aliens do not exist as we know it. We have no proof that they exist to why conclude that they had made markings on Mars . Just to prove to conspirists like you that aliens didn't leave a marking NASA went to the same spot they took the first images and and retook them again in better weather conditions. They once again found nothing that would relate to a ""martain marking"".

In conclusion , the ""Face On Mars"" was just a natural formation. This happens in many places on earth too . Which is why you should believe that aliens didnt leave a mark on mars . What the picture actually shows is the Martian equivalent of a butte or mesa.",4,3.0,3.0,3.0,3.0
e328a1a,"Cars,  a right and a way of transportation that we as people of the untired states have, used by many as a source of going from point a to point b. But if while going to those places you relized you where just killing the earth every mile at a time. Cars give off gas that pollutes the air and harms us, and  begins to create green house gases. Over time these gases could do very harmful things to us. The soulution isnt as simple as everyone in the world giving up there car, But what if there is a long term soultion to fix this big problem.

In Vauban, Germany residents of this

Upper class community have given up cars in a experimental test to see the results of giving up cars to see others ways people could do about getting place to place and helping stop green house gases along the way. The results of doing this could mean that other countries, towns and cities may want to try this as well. In the town people make there way around by transportation such as bikes, running and walking. With this in mine you may be thinking what is I want to go the mall and its down a highway? Easy if the plan did happen things like malls, stores, food markets would be down the street so you can still enjoy the things you love but not have  to spend money on gas and car payments anymore.

Paris bans driving due to smog, After 2 days of record breaking pollution paris put into effect a new rule that would clear up there city. On a Monday all cars where to not be on roads and stayed parked. With the option to leave your car at home or pay a fine of 22 euro's, 4000 drivers were fined and 27 got there car towed away. With smog polluting the air tempertures and weather changes begin to happen with cold night and warm days car emissons where  trapped by warmer air. The act was a success and most pollution in the city was gone so by tuesday everyone could return back to driving.

In Bogota, Columbia Only buses and traxis where permitted fir the Day with a population of 7 million, the whole thing was a huge success and there was a huge turnout. The purpose of this was athe goal to promote alternative transpotation and reduce smog. Millions of colombians biked, skated hiked and took buses during the car free day leaving traffic jams and easing stress to many people. Authorties came to Bogota to see the event and not only where they enthusiastic but with them liking how the even happened it means they could do it for there city making a chain recation to more and more till all people would like to participate in this oppurtunity to help save the earth. This event was not a tragicic loss of not being able to drive it was just showing that there are other means of transportation and not driving your car can help you in many ways.

So with these efforts of showing it dosent hurt to try something and it can be a train reaction to starting something big to end green houses gases that people all over give to the earth on a daily baisis. This just shows that cities like ours could try things like this and maybe help start something that can have sucha huge impact on our lives. With this maybe peopl ewill start to relize tha tcars arent all a big thing, and maybe the peak could come to a end and people could start somehting new. With car purchases and miles on car dropping the way to old ways of transposrtation can resurface as main ways to get to places. This can help our states because in the whole world 50 percent of polution comes from the United States. This can be a problem because if we want to see changei n out world we need to start off small to get to the end of green house gases.                      ",3,3.0,3.0,2.0,3.0
4728682,"Some people say that being a Seagoing Cowboy would be a dull job.

What is a Seagoing Cowboy you ask, well it is a person who delivers cattle to people in need.

It was World War 2 and people around the world needed help with ways to get food.

I felt like I could do something for them, so I decided to be a Seagoing Cowboy.

If you feel that way then I encourage you to join the Sea Cowboys.

There were many reasons why joining the Seagoing Cowboys is a cool thing and here is one.

For the experinces!

I was a small town boy and had not got to see a lot of the big world that we live in.

The sign up sheet said we would not only help the people in need we would also get to see some of the amazing sights in that country.

That was no lie!

On my journeys I saw the Acropolis in Greece, the Panama Canal, and a recently excavated castle in Crete.

I also got to ride in a gondola in Venice, Italy.

Another thing that not many people could say is that you crossed the Atlantic Ocean 16 times and the Pacific twice.

Another reason why you should join the Seagoing Cowboys is that you have a chance to serve your country without killing another person.

On my first trip as a Seagoing Cowboy, I turned 18. That is when you are old enough to be drafted to the army.

When the draft board found out I was being a Seagoing Cowboy, they told me to do that as my service.

If you don't like the thought of shooting people, then maybe you could be a Seagoing Cowboy. You would help people get food, not have to shoot anybody, and serve your country.

Now you know some reasons why you should join the Seagoing Cowboys.

I hope to see you aboard soon.",3,3.0,3.0,3.0,3.0
efc14af,"Driverless cars have always been something to look forward to. They're thought to be hassle free, safer, and more environmentally friendly. However, these cars are not completely driver free, can't promise the safety of others, and can give drivers the free pass to be unalert on the road. Driverless cars are thought of as the ""future"", but inreality they're much too advanced and unreliable for the near future that they're being intorduced in.

Driverless cars are not a thing of our future but an unnecessary problem that we are bringing upon ourselves. In the article, it states that driverless cars are not completely driverless and still require assitance around raodblocks and tough traffic situations. This is counterproductive and takes away the accessibility of these cars. The cars would also require new roads to drive on, which would be very expensive and take a long time. These cars are also going to appeal to people who don't have their license such as teens that could be injured trying to drive a car that still needs assistance. If a teenager or child were to get in that car ,thinking it would take them places, and get stuck in a traffic jam then many people could get hurt and it would look bad on the parents and manufacturers. This article also stated that the cars would need the driver to be alert, however there is nothing in the car to alert the driver or keep the driver interested in what's happenig on the road in front of them. This could encourage dangerous driving habits that could pollute the minds of drivers. the article also never stated how the car would know where it was going. The car could get a person lost or stuck in an unkown place. These cars would come with problems that would build up until the car would no longer be worth fixing.

In conclusion, I beleive that our future is not ready for such an advncement. These cars could cause unnecessary problems for the general public such as the expenses to build new roads and the risk of inexperienced drivers getting hurt. Although they could use less fuel and could make driving a little safer, the benefits do not outweigh the risks. The driverless car is a luxury that should be put on hold until our future generations are ready for the responsibilty of using these cars correctly and going through the process of making them a safe, and effiecient reality.    ",4,3.0,3.0,3.0,3.0
2f1110c,"TO THE FELLOW CITIZENS OUT THERE WE ARE LIMITING CAR'S BECAUES PEOPLE DONT LIKE TO PAY THERE CAR, BECAUES THEY EIGTHER DONT HAVE THE MONEY FOR IT OR THEY JUST DONT WANNA PAY IT.. PEOPLE ALL AROUND THE COUNTRY DONT LIEK AYING THER CADR THATS WHY PEOPLES CAR GET TODE BECAUSE PEOPLE ARE LAZY..WHEN A CHILD HAS A SOCCER GAME TO GO TO WHAT WOULD YOU DO IF YOU DONT HAVE A CAR TO GET THERE ?OYU PROBABLY DO EVERYTHING YOU CANTO GET THERE TO SUPPORT YOUR CHILD...

IN GERMAN LIFE GOES WITHOUT CARS.. IN EVERY STATE PEOPLES CAR GET TODE FOR NOT DOING WHAT THEY NEED TO DO FOR THEE CAR..AS A RESULT, 60 PERCENT OF PEOPLE DONT OWN A CAR AND 42 PERCENT OF PEOPLE SOLD THERE CAR TO MOVE IN A DIFFERENT HOME..WHEN SOME PEOPLE HAVE CARS THEY LOVE TO GO DO WHAT THEY LIKE O DO TO HAVE FUN.WHEN KIDS HAVE BICYCLES MAKE SURE YOUR OUTSIDE WITH THEM BE YOU WOULDNT WANT THEM TO GET HIT BY A CAR OR YOU DONT WANT THEM TO GET HURT.. IN THE UNITED STATES THE ENVIRMOENTAL PROTECTION AGENCY IS PROMOTING ""CAR REDUCED "" COMMUNITIES ,AND LEGISLATORS ARE STARTING TO ACT, IF CAUTIOSLY..

PARIS BANS DRIVING DUE TO SMOG..ALOT OF PEOPLES GET FINES FOR NOT PAYING THERE TICKETS OR THEY DO STUFF THAT THEY SHOULDNT BE DOING..LIKE 4,000 DRIVERS WERE FINESAND TWENTY SEVEN PEOPLE HAD THEIR CARS IMPOUNDED FOR THEIR REACTION TO THE FINES.. DIESELS MAKE UP 67 PERCENT FRANCE , COMPARED 53.3 PERCENT OF DIESEL ENGINES IN THE REST OR WESTERN EUROPE , ACCORDING TO REUTERS..PEOPLE WHO DONT HAVE LICENSE NEEDA STOP DRIVING OR THEY WILL GET PULLED OVER AND THEY WILL GET A TICKET AND WILL HAVE TO PAY ALO OF MONEY TO GET IT BACK..

CAR-FREE DAY IS SPINNING INTO A BIG HIT IN BOGOTA.. IN EVERY YEAR CARS HAVE BEEN BANNED WITH ONLY BUSES AND TAXIS PERMITTED FOR THE DAY WITHOUT CARS IN THIS CAPITAL CITY OF 7 MILLION..SMOG VIOLATORS FACES 25$ FINES.WHENEVER PEOPL DONT HAVE CARS THEY COMPAIN ABOUT HOW THEY HATE TO AWALK AND RIDE BIKES , WHY COPLAIN IF U HAVE A CAR U WOULD DO DUMB THINGS TO GET IN TROUBLE.. PEOPLE DONT NEED TO COMPLAIN ABOUT NOTHING BECUAES PEOPLE LIKE TO DO THINGS THEY SHOULDNT DO . DONT DO STUPID THINGS AND MAYBE YOU WOULD HAVE A CAR ..

IN CONCLUTION PEOPLE DONT NEED CARS THEY COULD WALK RIDE A BIKES OR DO SOMETHING .. PEOPLE WHO DONE HAVE LICENSE NEED TO NOT DRIVE BECAUSE THEY CAN GET INTO BIG TROUBLE AND THEY WOULD GO TO JAIL FOR IT ..    ",1,2.0,2.0,2.0,2.0
498d8cc,"Cars. Mostly everyone has been in a car, had a car or most definetly seen a car. They're part of our culture, so deeply engrained that we buy our homes and plan our lives around the commutes we use to go about our lives but recently, cities around the world have been questioning our dependance and need for cars, especially considering the damage they do to our environment. However, the environment doesn't concern the man or woman that is trying to get to work, so what are the other benefits of not having a car? Well, closer locations, a peaceful life style and a close knit community are also elements that come with a world where cars aren't the norm.

For those who think practically, not having a car is a hassel but the thing is that cities that have already implemented this change. Locations are put closer together so that you may only need a car to get to the next city and even then alternate transportations are put in place to help with that. For example Vauban, Germany has completely given up their cars, except for a few placed in choice parking spaces at the edges of the town. Inside the community people ride their bicycles and there are shops placed at close intervals    ",2,3.0,2.0,3.0,3.0
cf7611a,"In ""The Challenge of Exploring Venus,"" the author suggests that studying Venus is a worthy pursuit depsite the dangers it presents. The author uses strong details to support this claim throughout the article. Facts and statistics by NASA and other reliable sources are used to back the claims. The author stands by the opinion that Venus is a worthy pursuit despite the dangers it presents.

The author claims that the idea of inhabiting Venus is worthy due to its similarity to Earth. Paragraph 4 states, ""Astronomers are fascinated by Venus because it may well once have been the most Earth-like planet in our solar system. Long ago, Venus was probably covered largely with oceans and could have supported various forms of life, just like Earth"" (The Challenge of Exploring Venus). If Venus could've supported human life long ago, it is likely the planet still can. The scientific facts throughout this statement support the author's claim by having a reliable source of information, supporting the idea. Paragraph 4 reads, ""Today, Venus still has some features that are analogous to those on Earth. The planet has a surface of rocky sediment and includes familiar features such as valleys, mountains, and craters"" (The Challenge of Exploring Venus). Venus already has Earth-like landscapes and other similar formations. This supports the author's idea of exploring Venus because it is so similar to Earth, the chances of survival are higher than any other planet.

Although Venus is analogous to Earth, there are slight differences of the two planets. Earth has average low and high temperatures, while the temperatures of Venus are more extreme. Paragraph 5 reads, ""At thirty-plus miles above the surface, temperatures would still be toasty at around 170 degrees Fahrenheit, but the air pressure would be close to that of sea level on Earth. Solar power would be plentiful, and radiaton would not exceed Earth levels. Not easy conditions, but survivable for humans"" (The Challenge of Exploring Venus). As stated, the conditions would not be easy for humans, but survivable at the least. This supports the author's claim because this proves human life could be achieveable overall. This means there is a worthy reason to explore Venus; to discover another habitable planet. Along with successful life on Venus, our modern technology could also survive the planet. Paragraph 5 states, ""Imagine a blimp-like vehicle hovering 30 or so miles above the roiling Venusian landscape. Just as our jet airplanes travel at a higher altitude to fly over many storms, a vehicle hovering over Venus would avoid the unfriendly ground codnitions by staying up and out of their way"" (The Challenge of Exploring Venus). Moreover, if airplanes are already in existence, new aircrafts would need to be slightly adjusted to suit the conditions of Venus. The author's claim is supported in this quote because this is another reason Venus is worth exploring. The technology needed is already almost perfect for the planet, therefore not a problem NASA would have to approach.

Some issues still remain for the exploration, however NASA has already started preparing solutions. The heated state of the planet may be an issue, but NASA is studying a resolution. Paragraph 7 reads, ""For example, some simplified electronics made of silicon carbide have been tested in a chamber simulating the chaos of Venus's surface and have lasted for three weeks in such conditions"" (The Challenge of Exploring Venus). This new technology created could lead to a long-lasting basis for human life, yet another reason exploring Venus is a brilliant idea. Modern technology is too fragile for the harsh heat of the planet, but with some older computers, that as well could survive on Venus. Paragraph 7 reads, ""The thought of (mechanical) computers existing in those days may sound shocking, but these devices make calculations by using gears and levers and do not require electronics at all. Modern computers are enormously powerful, flexible, and quick, but tend to be more delicate when it comes to extreme physical conditions"" (The Challenge of Exploring Venus). This is yet another piece of technology on Earth and prepared for Venus. The author's claim is supported in this statement because it is a simple solution to technology on Venus. There are very few rebuttals that overcome the postive effects of pursuing Venus.

With all the easy fixes, solutions and prep planned for Venus, the author's claim is overwhelmingly supported. The author proved Venus is certainly a worthy pursuit despite the dangers it presents. The positive outcomes outweigh the negatives in almost every aspect of this idea. There are multiple reasons presented in ""The Challenge of Exploring Venus"" that prove attempting to explore Venus has a more successful outlook than not. Throughout the article, the facts and claims highly support the author's claim of Venus being a worthy planet to pursue.",5,3.0,3.0,3.0,3.0
442f36d,"The author has a point that we should study Venus, it maybe an option to vist when earth is well populated. But first, scientise have to over come the dangers of Venus. Then find a way to make our machines to last long. Third thing is that they need to do is finding a way to overcome the many challeng that the planet has for humans to study.

First thing is that scientise have to overcome the many dangers of Venus. Venus's has a planet ""surface, temperatures average over 800 degrees Fahrenheit"" with a ""atomspheric pressure is 90 times more greater than what we experience on our"" planet. Venus being second planet from the sun, ""Venus has the hottest surface temperature of any planet in our solar system, even though that Mercury is closer to"" the sun than Venus. NASA has an idea that might be ""possible solutions to the hostile conditions on the surface of Venus"" is like a ""blimp-like vehicle hovering 30 or so miles above the roiling Venusian landscape."" A ""vehicle hovering over Venus would avoid the unfriendly ground conditions"" and ""at thirty-plus miles above the surface, tempertures would still be toasty at around 170 degrees fahrenheit"" and ""air pressure would be close to that of sea levels on earth.""

Then scientise have to find a way to make their machine last longer.

Do to how the temperatures on Venus are ""800 degrees"" and the machine would be melting to the that kind of heat. NASA is working on a solution to that problem by testing different type of meltal like a ""electronics made from silicon"" have lasted three weeks in a ""simulation of the chaos of Venus's surfaces."" NASA have also look into ""old technology called mechanical computers."" ""These devices make calculations by using gears and leavers and do not require electronics at all"", so they would better for the suface of Venus.

Scientise need to Find a way to over come the challenging planet for humans studys. ""Each misson to Venus ways unmanned, and for good reason."" Since no spacecraft survived the landing for more than a few hours. This could be the issue ""why not a single spaceship has touched down on Venus in more than three decades."" An there are ""numerous factors contribute to Venus's reputation as a challenging planet for humans to study, dispite its proximity to us.""

In conclusion Venus has many problem that contribute to the planet being challenging for human's studys. It is worthy striving to meet the challenge that has presented it self by Venus. ""Venus has value, not only because of the insight to be gained on the planet itself, but also becuase human couriosity will lead us into many equally intimidating endeavors.""",3,3.0,2.0,3.0,3.0
23dbca9,"I believe that driverless cars should be developed because of the many positive capabilities of the cars, advanced technology that is currently available and constantly being improved, and the safety features added by the driverless car.

One major consideration for the development of the driverless car is the environmental benefits. The Google cofounder Sergey Brin says that the cars ""would use half the fuel of toay's taxis."" There is a large fear of increasing gas prices and lack of natural resources in the world today. The production of driverless cars would quell those fears as they are much more fuel efficient than the cars used today. Brin also states that the cars would ""offer far more flexibility than a bus."" This is crucial as the bus usually has a route that it must adhere to while the driverless car can go straight to the desired location. This aspect also positively impacts the environment. Similarly, the advanced technology that is already being created also helps with the development of the driverless car.

Beginning from the late 1950s, the concept of the driverless car was already thought of. Now, the concept is beginning to come to fruition due to the advanced technology created. The most important bit of technology on the driverless car is the spinning sensor on the roof, also known as the LIDAR. The LIDAR is able ""to form a constantly updating 3-D model of the car's surroundings."" Without the LIDAR, the accuracy of the driverless car would be greatly reduced as the car would have no sense of its surroundings. Another technology that was greatly enhanced is the antilock brakes. In the 1980s, the antilock brakes ""used speed sensors at the wheels"" to monitor when the car was becoming out of control. Back then, the antilock brakes only had a sensor to monitor the wheel's speed. Now, the antilock brakes have become more advanced to the point that they are able to ""detect and respond to the danger of out-of-control skids or rollovers."" The antilock brakes have evolved from only having a sensor that monitors speed to sensors that can detect many dangerous conditions. The advancement of car technology greatly affects how safe and successful a driverless car may be. A driverless car would most likely not be able to work in the 1980s with the speed sensor as the antilock brakes. Now, the driverless car would be able to work very effectively as it combines a plethora of sensors and cameras to ensure safety. Speaking of safety, the driverless cars all have a safety feature that guarantees almost the maximum safety potential.

The reliance of a driver within the driverless car finalizes the development of the driverless car. If the car encounters a foreign situation, the driver will just be notified and will take over from there. This concept of passing over the responsibility of driving makes the driverless car very safe. As long as there is an alert driver within the car, the car is almost certainly not going to make any accidents. Car developers designed the driverless car to ""steer, accelerate, and brake themselves, but all to notify the driver when the road ahead requires human skills."" Thus, the car will do most of the driving and when there is a difficult situation, the human driver will take over. This ensure the utmost safety of the driver and the passengers as there is an extremely low risk of an accident occuring. There are ""driver's seats that vibrate"" and the Google car even ""announces when the driver should be prepared to take over."" This increases the safety of the driverless car as the driver will be notified when to take over. Therefore, the driver will also know the situation and will be ready to handle any troubles the driverless car couldn't handle. The safety features positively affect the development of the driverless car.

All in all, the cutbacks on the usage of natural resources, the advanced technology used to increase the safety of the driver, and the many built in safety features advocate for the production of the driverless car.   ",5,3.0,3.0,3.0,3.0
6895712,"Presidential election is held every after four years on the first Monday of the month November. We decide who's going to be our next leader, the President. Electoral College is kind of unfair for some people because they think that whoever got the most popular vote should be President. But to think, what if the people we vote to is not right to be the next President and she/he got that most popular vote? Wouldn't that be a disaster? I say we should keep the Electoral College.

Electoral College process in consists of the electors that have been selected by the people. The ones who got selected are the ones with great intelligence and with great sense of leadership. In the first passage it mentioned that ""The Electoral College has a total of 538 electoras and the majority of electoral votes are required to have 270 electoral votes."" This means that for you to be one of the candidates you atleast have to have 270 electoral votes and this is a good way of picking our candidates to run for us for President.

Remember the election between Obama and Romney? It was close but, not that close. Our President, Obama got 61.7 percent of the electoral vote compared to 51.3 percent of the popular votes for him and Romeny. Almost of every states electoral votes is on a ""winner-take-all"" basis. For every slight of pulrality in each of the states, it creates a ""landslide electoral-vote"". This means that a tie would be possible because the number 538 votes is uneven but, it's mostly not to happen and this is because of Electoral College.

Electoral College avoids the problem of which didn't receive a majority of the votes. In passage three it gave an example about how Nixon in 1968 and Clinton in 1992 both had 43 percent only in pluraity of the popular votes and the winning number of the Electoral College is 301 and 370 electoral votes. Because of Electoral College the pressure that happens in electing the next President to lead us for four years is reduced and it also tells us which is the winner of the election.

If we elect our President using popular votes it migh be a disaster. Because not all of the candidates are that great of leading the whole country and If he/she got selected to be our next leader for the next four years our country would be in a huge chaos. I slightly agree with electing that person and making him/her the next President because they got the most popular votes but, then again I don't think it's the right way of picking our new leader.    ",4,3.0,2.0,3.0,3.0
42f54eb,"Forida senator, I argue to remove the Electoral College and replace it by changing to election by popular vote for the president of the United States. Voting is not fair to the people because they can't vote for the President, only for the state electors, and even if the candidate that won the most popular votes, may not be elected. Also, the winner-takes-all system is not fair to voters because the candidates don't spend time in states they cannot win in or small states and mostly in swing states.

""Under the electoral college system, voters vote not for the president, but for a state of electors, who in turn elect the president."" The passage stated in paragraph 10. Voting has changed over many years, but I think that people should be able to vote for the President and have that candidate win the election if they get the magority of popular votes. If the people want to have that candidate as the President, so be it. Although the Electoral College may help by not having a tied election and have a ""Certainty of Outcome"", but it should be what the people want and vote for. In my opinion, it would be better to not feel like you're putting in a vote that isn't what you wanted. The vote from the people go to state electors for them to choose and that is not truely fair to the people.

The candidates should spend time in all states to try to get their vote instead of the winner-takes-all system; therefore, it should be removed. There are people in the state that have voted for that candidate but they don't go to the state because they only focus on the swing states. I understand that they do go there to try to win the election and become president, but they should at least spend some amount of time in other states. ""During the 2000 campaign, seventeen states didn't see the candidates at all, including Rhode Island and South Carolina, and voters in 25 of the largest media markets didn't get to see a single campaign ad."" As stated in the passage in paragraph 13.

So overall, the electoral college should be replaced by having the popular vote be the decider of who gets to be president. It's fair to the people and to the country.                             ",4,3.0,3.0,3.0,3.0
15dc957,"I believe this could be valuable in classrooms because now in days students use a lot of computers for work. The possiblities this could open up are huge, like making learning more fun for each student and making them enjoy learning. It could also take away advantages and give each student an equal oppertunity to learn and succed.

Lets face the fact, teachers can't make learning fun for every student. But this computer software can. It can use the information about whether your bored or not as stated in the article ""A classroom computer could recognize when a student is becoming confused or bored, Dr. Huang predicts. Then it could modify the lesson, like an effective human instructor."" This could adjust to a students particuler need and make learning more effective and fun for students. By molding to each students particuler way of learning and interests, it could make learning easy.

How this could make learning more fun exactly is it can read your emotion and change how it approaches teaching you, untill it finds your not as confused or bored as stated in the article ""if you smile when a Web ad appears on your screen, a similar ad might follow. But if you frown, the next ad will be different."" Eventually it could make it to where each student is enjoying how it is teaching them and they can become more interested and interactive with there learning and studing. If every student had this they could all enjoy learning and studing and it could give each student equal oppertunities to learn and be as smart as possible, one day maybe ending people not graduating.

In conclusion if we had this in school today we would see a giant difference in the amount of students at school and the test scores would blow our current scores out of the water. Why, simply because it would make learning fun for every student not just a handfull, it could make things fair for each student and making learning less a chore rather a hobby. ",4,3.0,3.0,3.0,3.0
6c56dcd,"The Facial Action Coding System:

This tecnhology works for identify the exactly humans emotions,this show the feeling even when they trying to hide the emotions.

This new application make a model of the face and calculate the emotions. the app have six basic emotions: Happiness, surprise, anger, disgust, fear, and sadness also this tecnhology can identify mixed expretions and give us a percentage and created nimated faces more expressive.

for example the mona lisa created by Leonardo da Vinci's. they caculate the emotions to comproved if the app is good, also they practice with students in a classroom.

This innovatios was created by Prof. Thomas Huang, of the beckman institute for advanced science at the university of illinois and working in collaboration with Prof. NIcu Sebe of the University

of Amsterdam.

The FACS help in other areas like the science because the application can see the factions and understood more about the humans and how we can have mixed emotions.   ",1,2.0,2.0,3.0,2.0
76f504c,"Venus is sometiimes called the ""Evening Star"" is one of the brightest points of light in the night sky. However, Venus is actually is a palnet. Examining Venus is very challenging because of its thick atmosphere of almost 97 percent carbon dioxide around it. Even like this the scientists are trying to came close to Venus became Venus may well once have been the most Earlth-like planet in our solar system. We, the humans should pay a vist to our sister planet.

Venus is second planet to the sun but it is the hottest planet in our solar system because ""beyondhight pressure and heat,Venusian geology and weather present additional impediment like erupting volcanoes,powerful earthquakes and frequent lighting strikes to probes seeking to land on its surface"". These are a few reasons why we can't get close to Venus, even though we want to.

The National aeronautics and Space Administration(NASA) is trying to send humans on to Venus. The scientists can peering Venus from far above the planet using ship orbiting and hovering safely can only give the insight of ground on Venus. This is not enough for scientists to really learn what is going on on Venus because they can not get a samples of rock,gas and anything else from a distance.   ",2,3.0,3.0,3.0,3.0
7434a26,"Imagine you were driving down the road one day and you see a car driving towards you. Seems normal, right? Wrong. You notice the driver is, wait he couldn't be, could he? But he is. The other driver is asleep and both of you are in a work zone. This would result in a crash and there is only one culprit. The driverless car.

We can all agree that technology has come a long way in the past few years, but has it come too far? Many companies are working on ideas for what will be a driverless car. It might seem like a really good idea at first but there are a few reasons that these vehicles would cause problems. First off, the distracted driver. If you were on a long car trip or had up late working before the trip you were making it would you be able to stay awake behind the wheel of a driverless car? We'd all like to say we would but it's not that simple. There are already drivers on long trips that mange to fall asleep while driving. Think about if they were just riding in the car how much worse it would become. The cars could pilot themselves fairly well but what if there was an accident ahead, or a workzone? The driver would have to take over to guide it through the changed route. This couldn't happen if the driver was asleep.

There would also be too many distractions while in a driverless car. People text and drive all the time already but if they didn't have to drive they wouldn't pay attention to the road at all. The companies that are making the cars are suggesting ideas of how to get the driver's attention when it is their turn to drive, but how well would it work? One of the ideas being suggested was entertainment systems built into the car that would shut off while the driver needed to take the wheel. Which isn't a bad idea until you consider the driver's own personal devices that they would bring with them.

In conclusion driverless cars are NOT safe. There are too many thing that could go wrong. The cars are not entirely to blame as much as the lack of responisbility of people, but untiil the cars can comensate for that lack of responsibilty they are not safe for roads. They need a lot more work before anyone should consider purchasing one. ",4,3.0,3.0,3.0,3.0
3a8262e,"Dear state senator,

I will like to argue about the Electoral College.The voters vote for the presidant,but they are just voting for a slate of electors that they can elect the presidant.They are called disaster factor .The disaster factor got the name from the 2000 fiasco.The question we are all worrying about is what if it happened again?We dont want to go through it again,we might not get lucky as we did from the 2000 fiasco.

What if we have an electoral tie like in 1968.There was 41,971 votes that could of gotten deadlocked the election.Its unfair for us voters because of the winner-takes-all system.Candidates don't spend time in states of them knowing there is no chance of winning.We need to put fate of the presidency in the hands of swing voters.There isn't alot of basis in reality.

It's against direct elections that are spurious.We need to go with Bob Doyle accusation of that we need to abolish the Electoral College.Everybody is arguing about the Electoral College.Everybody thinks its unfair,outdated,and irrational.Listen to the people,listen to what they have to say about this.Let's change the Electoral College by making it better for us and Congress.

Thank You

From,

PROPER_NAME        ",2,3.0,3.0,3.0,2.0
6f109fd,"We currently live in a world dependent on machines; becoming more and more enveloped in this idea of reliance. However, now we have reached a point where that reliance is harming us and our planet, and it will continue to do so if we don't adjust our lifestyles. Seeing as that we've recently reached that point of realization, we are starting to limit ourselves to the things that do harm our planet, including limiting the usage of cars. Living in the twentieth century almost inevitably means relying on cars for transportation. Although it may seem impossible to convince so many to pursue this act of limiting the usage of cars, it is surely not impossible, as we've seen from the recent efforts made around the world. It will take time to adjust to the drastic change, but the benefits are worth the while. A few of the many advantages include, the conservation of our valuable space, improving the quality of our environment, and allowing for the opportunity of new ideas, developments, and change.

The first of the advantages may not be the first you would think of, yet it is certainly an important one. By limiting our use of cars it would save and replenish our amount of space that we currently have available. It's not only the cars themselves that take up space, but it is also the space left for street parking in the big cities, the massive parking garages used at shopping malls, and the driveways and garages at the houses in large suburban neighborhoods. This method of limiting the use of cars as been successfully applied to a town in Germany, known as Vauban. In Vauban, '' [r]esidents of this upscale community are suburban pioneers, going where few soccer moms or commuting executives have ever gone before: they have given up their cars '' ( '' In German Suburb, Life Goes On Without Cars'' ). The town of Vauban, has given up their areas of street parking, driveways, and home garages to limit--almost entirely--their use of cars. With the removal of all traces of automobile usage, some may be concerned about how they are expected to reach their desired destinations, but in Vauban and many other places preparing the follow this plan, stores will be placed '' a walk away, on a main street, rather than in malls along some distant highway '' ('' In German Suburb, Life Goes On Without Cars'' ). Although some may be concerned with the potential limit on their car usage, they must be reminded that the space originally used for cars will certainly not go to waste, and will be used for bigger and better purposes that will not harm our planet.

This second advantage is the one most associated with the limit put on our use of cars--the improved quality of the environment. The environment can be improved with the decrease of greenhouse gas emissions, which in turn improves the quality of the air that surrounds us. Our President, Barack Obama, has '' ambitious goals to curb the United States' greenhouse gas emissions '' ( '' The End of Car Culture '' ), but that can only be done with the cooperation of the citizens. Fortunately, that cooperation has been seen with the '' fortuitous assist from an incipient shift in American behavior '', in which '' recent studies suggest that Americans are buying fewer cars, driving less and getting fewer licenses as each year goes by '' ( '' The End of Car Culture '' ). It is understood by professionals, that if the pattern continues, '' it will have beneficial implications for carbon emissions and the environment, since transportation is the second largest source of America's emissions '' ( '' The End of Car Culture '' ). Although some may be reluctant to pursue the path of limiting their use of cars, they should be well informed that by doing so, they are improvong their overall state of living by not producing these harmful properties that are being released into the air that we breathe.

This last advantage is most likely the most considerably accepted by the public, because of its simplicity on their part and the benefits they recieve from it. With the limit put on the use of cars, that allows for the opportunity of new ideas, developments, and change. The idea of limiting the use of cars has gone global, from Germany to Colombia to France, this idea is quickly becoming one widely accepted by the public and their officials. The idea of a car-free dat has sprouted from Colombia, in which the citizens of Colombia are encouraged tohike, bike, skate, or take the bus to work rather than using cars for transportation ( '' Car-free day is spinning into a big hit in Bogota '' ). The public has responded positively to these recent changes, saying, '' ' It's a good opportunity to take away stress and lower air pollution ' '', which was spoken by '' Carlos Arturo Plaza as he rode a two-seat bicycle with his wife '' ( '' Car-free day is spinning into a big hit in Bogota '' ). Not only have new opportunities for the public been introduced, but so have new developments. The new developmets include '' [p]arks and sports centers...uneven, pitted sidewalks have been replaced by broad, smooth sidewalks...and new restaurants and upscale shopping districts '' ( '' Car-free day is spinning into a big hit in Bogota '' ). The citizens of various cities can also expect to see plans in which '' ' pedestrian, bicycle, private cars, commercial and public transportation traffic are woven into a connected networl to save time, conserve resources, lower emissions, and improve safety ' '' ( '' The End of Car Culture '' ).

There have been many advantages associated with a limit put on the use of cars, including the conservation of our valuable space, the lowering of the greenhouse gas emissions, and the opportunity for new ideas, developments, and change. All of these advantages can be fulfilled to their entire purposes, but it is a group effort as a planet. We can continue to live in the luxury of these advantages, as long as we do our part to limit our use of cars.    ",5,4.0,4.0,3.0,4.0
b8a868d,"For years, people have been telling others that the natural landform on Mars is actually a face created by aliens. I as a scientist believe that it is also a landform coinencidently in the shape of a face. There are multiple reasons why I and many other scientists feel this way.

We have tried multiple times to photograph this landform and have succeeded. It appears to majority of us, that it is not more than a natural landform. We have took many precautions into making sure that it isn't an alien artifact. For example, it's like the man on the moon. It just happened to be there naturally and created itself over time. You are of course entitled to your own opinion, but that doesn't make it a fact.

In conclusion to this theory, it is not more than just a theory. We are not hiding anything from the world. Something like this I'm sure we'd be more than happy to share with the rest of the world in our amzing findings. We could be wrong, that is so. But, we're pretty positive it's just a landmass. ",2,3.0,2.0,3.0,3.0
3dea620,"My position on the driverless cars is that they would be good to have. A big reason for this is because if they had driverless cars recks would decrease and people wouldnt get hit crossing the road.the reason I think this is because the cars would have computers that would be smarter and more observent about there surroundings. They would be able to respond to situations better than what humans can. This would also make distracted driving a thing of the past because humans would not be controling the caar but instead it would be a computer with sensorse.

A big problem we have now is destracted driving. It causes alot of accedents and caused deaths. a good way to have no distracted driving would be to have diverless cars. Not only would it stop accednts from acurring but also would minumize the deaths due to car crashes. The car would have a laser beam that forms a 3-D model of the cars surroundings.

Having a car that drives it self would also make parents less afraid of there kids being behind the wheel. If thes cars can drive themself then ther will be no reason parents should be afraid of there teen getting hurt. most car crashs are caused by teen drivers. if cars drive them selfs then teens wont get into car crashs and maybe saving there lives.

The only big problem of having driverless cars would be the price. if not every one can afford a driverless car it wont make crashs go aaway. yes it will make then less likly to happen but if not everyone can afford there will still be crashs. there will still be people driving and not just driverless cars. if they make driverless cars they should make it to where every one can afford them.

In conclusion i think that they should have driverless cars.It would help in many ways and make travleing safer for everyone.it would also reduce the number of car crashs. Also it could save lives of people. thats why i think we should have driverless cars.",4,3.0,3.0,2.0,3.0
a2c3b4e,"Planet Earth has so much in common with planet Venus. Therefore, it is a good idea to study Venus. In ""The Challenge of Exploring Venus,"" the author explains that studying Venus is a chance that people should be willing to take. The author goes on to support this idea. The author does a wonderful job at supporting the idea that studying Venus is a worthy pursuit despite the dangers.

Visiting Venus would open up opportunities for space exploration and understanding. Learning the landscape and other features would expand the knoweldge of scientists as well as astronauts. The author states, ""Venus can sometimes be our nearest option for a planetary visit, a crucial consideration given the long time frames of space travel,"" (Paragraph 4). The National Aeronautics and Space Administration is determined to discover more features of Venus in comparison to Earth, so much that they are planning to create a machine in order to survive the landing.

More experiments are being conducted with a plethora of approaches to survive the landing. NASA is anxious to set foot on Venus. NASA's current research consists of ""innovations that would allow our machines to last long enough to contribute meaningfully to our knoweledge of Venus,"" (Paragraph 6). NASA clearly views the exploration of Venus as necessary by assembling multiple machines in order to gain a better understanding of the planet itself. Determined to explore Venus, NASA is inventing machines that can withstand all dangers.

Dangers are a factor, starting with the extreme temperature difference. The temperature on Venus is about eight times hotter than Earth, meaning the chances of a human surving are slim to none. The weather on Venus consists of ""atmosphere of almost 97 percent carbon dioxide... temperatures average over 800 degrees farenheit,"" (Paragraph 3). The conditions of Venus are far more drastic than many humans have ever experienced. However, the studies completed and the knoweledge gained are worth the struggles and hard work put in.

While dangers are present, the author makes it clear that the voyage is worth the risk. The trip would advance space exploration and grant scientists the oppurtunity to study unfamiliar life forms. NASA is currently assembling all types of machines in an attempt to make a safe landing on Venus. The dangers determine the features each machine must include. The exploration is possible with the right machine and can inform the world of new discoveries.",4,3.0,3.0,3.0,3.0
66a8d72,"Transportation has become one of the largest emissions throughout the world, and many do not seem to wonder how beneficial limiting car usage can be.  Not only does the release of fossil fuels harm the world, but the stress that comes with having a vehicle is immense. When considering ownership of a vehicle, one must think about the pros and cons of owning one, and realize that the limited pros... are not worth the cons.

Cars, trucks, and buses have many factors in common, but one in particular is hazardous to mother nature... fossil fuels. Fossil fuels are harming our territory, the place where life has been made possible, Earth. At the streak we are going, soon enough us humans, the domain species won't have a home due to the pollutants vehicles release killing the O-zone Layer. We have become accustomed to the abuse of transportation. Even when we are capable of walking or using a bike to a nearby location, we choose to use a vehicle instead of avoiding the damage that is caused. Paris enforced a partial driving ban to clear the air of the city, ""Congestion was down 60 percent in the capital of France, after five-days of intesifying smog..."" Source #2 states. Their are many ways to distinguish transportation, but one very adequate discription is ""a death wish"".

The stress that comes with the ownership of any transporting vehicle surpasses what anyone can bare! The economic standards one needs to posses is difficult. In, Vauban, Germany, one can have a car under the circumstances of paying $40,000 for a parking space, along with your home, source #1 explains. Your car needs to be fed in order to function, and it's food is quite pricey, especially when it hoards gallons of the substance! In addition, one needs to pay for insurance aswell! Dangers in streets are not abnormal what-so-ever, so the stressfulness that one has behind their back while driving is not enjoyable.

The benefits that come with limiting the usage of cars is grand                                                                           ",4,2.0,2.0,2.0,3.0
a02b877,"I think im leaning more on the positives of driveless cars. i Mean i also think it could be a bad idea for many reasons but im gonna go for them. Like my dad always said he wishes that he could have a car that could drive itself. Now his dream could possibly come true. Me, I dont think I would fully trust the fact that the car in controlling itself but im still for it. Here are my reasons why.

I would trust a drivless car more than I would trust some of these idiots driving on the road today. This could also help with the whole texting and driving or drinking and driving. Which im not saying now you can do those things but your car will drive itself so we dont have to worrk about that person hitting and killing another person. Plus they put alot of effort and great hardware into these vehicles. But none of these cars are completely driverless they have touch sensors on the steering wheel to make sure the driver keeps a hold on the wheel.

I think it would be a very cool experience to drive in a car that can steer, accelerate, and brake on their own. Once again i dont fully trust this idea but im willing to go to the positives brfore the negatives. I like how if the driver wants to take over all the mechanics that the car is doing itself shut off instantly so you can take over. That would make me feel a whole lot more comfortable in a car that drives itself.

It says in the law that traffic laws are written with the assumption that the only safe car has a human driver in control at all time. So that has something to do with the release of these new cars. They just have to prove that these cars can be safe on the road then manufacturers believe that more states will follow. Open up to this new and cool idea. But i dissagree with this idea at the fact that it could be dangerous. In the text it states, if the technology fails and someone is injured, who is at fault the driver or the manufacturer. Im not going to jail for life for something I had no control over.

So all in all i think that this idea is neat. It would be very fasinating to see if they really do operate well. But like i said I also kind of disagree with this driveless car thing because if that tchnology fails then what happens. So if they prove the safety and hardware to make it 100% safe then im in. And im pretty sure my dad will be too.",4,3.0,3.0,3.0,3.0
1111bf7,i would rather change to voting for most popular president in the united states and the electoral college is simply to complicated the electoral college consist of 538 electors a majority of 270 electoral votes is required to elect the president your states entitled allotment of electors equals the number of members in its congressional delegation: one for each member in the house of representatives plus two of your senators see all of that thats just really confusing for the new guy and me i mean why cant we simply have two groups the group with the most votes chose the president to elect simple right yah i thought so too there is also other ways such as under the 23rd admendment of the constitution the district of columbia is allocated 3 electors and treated like a state for purposes of the electoral college for this reason in the following discussion the word state also refers to the district of columbia each candidate running for president in your state has his or her own group of electors the electors are generally chosen by the candidates political party but state laws vary on how the electors are selected and what responsibilities are all of that is my goodnes its all to complicated for most people to understand here is another example the presidential election is held every four years on the tuesday after the first monday in november you help choose your states electors when you vote for president because when you vote for your candidate you are actually voting for your candidates electors most states have winner take all system that awards all electors to the winning presidential candidate however maine and nebraska each have a variation of proportional representation see thats what i mean real complicated stuff.    ,2,3.0,3.0,2.0,3.0
74abe2d,"I think this technology would be very valuable in classrooms. Being able to know about how a student feels about a subject could be very helpful. This would enable Teachers to adjust thier teaching style and make it easier for the student to understand the subject. Not only would it help the teachers, but the entire class as well. Teachers would be able to see if students needed individual help or if they needed to go over it as a class again.

As said in the article, ""A classroom computer could recognize when a student is becoming confused or bored."" This also supports the fact that this technology could be valuable in classrooms. Not only the teacher could be able to change the lesson for a student, but the lesson itself could change for the student. This would make the student be less bored and more excited and enjoy the lesson that they are currently learning.

As technology evolves, we will use it more and more for the better use of people. This could possibly be the first step for making school a better place for students to enjoy learning. They could have personal computers that would adjust to thier learning speeds and needs. This would no doubt make school more enjoyable and easier to understand for students that are having trouble.",3,3.0,3.0,3.0,3.0
54eb1cc,"In this essay I will be describing why it's important to study and pursuit Venus despite the dangers that are involved. Scientists know that sending human life to Venus is just out of the question right now and it shouldn't be done, but they are working on ways around that. Scientists have sent spacecrafts to Venus unmanned, but they only lasted for only a few hours.

Astronomers are fascinated by Venus because it may well once have been the most Earth-like planet in our solar system. Long ago, Venus was probably covered with oceans and could've possibily supported various forms of life. Today, Venus is still like Earth in some ways, there are valleys, craters, and mountains. There is no way Venus could support life now because of the conditions of the planet. 97 percent of the planet is carbon dioxide and the average temperature of Venus is over 800 degrees Fahrenheit.

Scientists are trying to figure out and solve different ways they could find information on Venus. NASA has come up with one pretty reasonable idea for sending humans to study the planet. They came up with the idea of having a blimp-like vehicle that would float 30 miles above the planet's surface. The temperatures at this height would still be hot, at around 170 degrees Fahrenheit, but the air pressure would be close to that of sea level on Earth. The conditions wouldn't be easy, but humans would be able to survive.

Being 30 miles above Venus's surface would be hard to get information on the ground conditions, so NASA is coming up with new ideas. One idea they have is to use mechanical computers which haven't been used since the 1800s. These devices make calculations by using gears and levers and do not require electronics at all. Using the computers we have nowadays would react terribly if we exposed them to the heat of Venus. If NASA were to use the mechanical parts, they would be more resistant to pressure, heat, and ther forces.

With time and a lot of hardwork, I think one day we could discover what Venus is really like. It would be a good idea to keep pursuing Venus because you never know, we could have life on that planet someday. We all know that this mission is dangerous, but we can't let that hold us back.",4,3.0,3.0,3.0,3.0
22564a5,"There are both positive and negative aspects mentioned in having a driverless car.

While driverless cars seem new and exciting, they aren't practical.

I don't think that having these new cars is a good idea.

I feel like there are a lot better ways to spend our time than trying to develop this car that we don't even need.

We are doing just fine with the cars we have currently.

They mentioned that they aren't even completely driverless as of now.

Why do we call these driverless if that's not even true?

We need to stop relying so much on our addictive technology and use our brains and money for more important matters.

In the article ""Driverless Cars Are Coming"", it states that currently these cars still need humans to work.

They are still alerting the driver to take the wheel when necessary.

By calling these driverless it is false advertising.

These cars still need humans to help out.

The cars can't even pull in and out of driveways yet.

Shouldn't we spend our time and money on something more worthwhile?

To me, this concept of driverless cars doesn't make a lot of sense.

I don't see the point of owning one of these cars.

It seems incredibly boring just sitting there and not having to drive at all.

Driving helps us learn to focus our attention on the road.

It teaches us how to make responsible decisions.

Driving is a privelege and I enjoy it.

I don't understand why we would want to take this away.

Kids look forward to getting older and being able to drive.

Now they would learn to be even lazier by sitting there and not doing any work.

Aren't we lazy enough now with all of our technology?

We have phones, iPads, Kindles, computers, laptops, iPods, and so many more things that we put all of our attention in.

Technology is addictive and we have plenty as it is.

We spent countless hours on our devices already.

We've lost contact with actual human beings.

We can't keep relying on our devices to fix all of our problems.

The younger generation doesn't even know what a dictionary or encyclopedia is, let alone how to use them.

Yes, using Google is convenient, but we need to learn how to do things on our own again.

The smarter technology becomes, the dumber we will be.

Driverless cars are not a solution.

We can drive just fine as it is.

There are so many causes we could be supporting with the money we are using to fund the driverless car project.

We are perfectly capable of driving on our own.

We should be using our money on things that are more important.

It is selfish to spend all of this money and time on such unecessary ideas than on meaningful corporations.

We could be funding medical research and feeding the poor.

Our generation has gotten so caught up in technology that we tend to forget about what is really important.

In my opinion driverless cars are not a practical idea.

They aren't necessary or completely reliable.

If you got in a wreck in one, it would be blamed on you anyway.

It just seems a lot simpler to stick to the cars we already have.",3,2.0,2.0,3.0,2.0
aa95fab,"Imagine a world where emotional reading is performed by robots, and raw human emotion is simply binary code. This could be a reality if the classroom is converted into such a world. The use of the Facial Action Coding System (FACS) to read the emotional expressions of students in a classroom is not valuable, due to the lack of the software's ability to decipher verbal emotion, the ability of humans to naturally perform the same techniques as the software, and the cost effectiveness of this kind of software within a classroom setting.

The first reason why the use of the FACS within the classroom would not be valuable is due to the inability of the software to understand verbal emotion. When a student is confused and or emotional about a topic, often they will express this through verbal communication. The FACS is not able to register this kind of emotion, at least not this early in it's development. As cited in paragraph six of the article, "" 'Most human communication is nonverbal, including emotional communication,' notes Dr. Huang. 'So computers will need to understand that, too.' "" This statement also brings about the issue of emotional expression not on the face, including body language and stature. These reasons defend the idea that FACS is not a valuable software for the classroom.

FACS also is not valuable because it is not diverse enough in its usage nor its abilities. Teachers and peers can easily spot emotions just as easily, and often more accurately, than this machine. As cited in paragraph five of the article, ""In fact, we humans perform this same impressive 'calculation' every day."" This would lead this invention's discovery to be unneeded and unneccesary, unless in it's applications of the distinguishment of the emotions of century old art pieces.

The software itself would not be cost effective, with the extravagance of it's research. As cited in paragraph one, ""The software is the latest innovation from Prof. Thomas Huang, of the Beckman Institute for Advanced Science at the University of Illinois, working in collaboration with Prof. Nicu Sebe of the University of Amsterdam."" This two Professers are of very renowned within the hierarchy of education, and the software itself is a product of the two researchers. This would lead one to believe that the software would not be cost-effective, especially within a state-funded school district.

To synthesize, the Facial Action Coding System would not be a valuable tool within the classroom because it lacks the ability to de-code other sensory based emotional expressions, can be replaced by humans, and is far too expesive. Although the software is useful, it is not practical nor diverse enough to be used within the classroom. If the FACS could be more efficient, especially with it's purpose, it might be a candidate for a positve addition to the classroom, but presently, it serves no new purpose.",5,3.0,4.0,3.0,3.0
3aea5c1,"For all these years there has always been an advancement in technology. Google cofounder Sergey has always been around technology. Google cars aren't truly driverless; they still alert the driver to take over when pulling in and out of driveways or dealing with complicated traffic issues. I honestly think driverless cars are a good thing. These days there are people who text and drive and do not keep there eyes on the road, and one day they are going to regret texting and driving. These driverless cars is an extra safety hazard for these people, and if somehow or someway they still end up texting and driving and they hit someone, i honestly think they should go to prison. Cars are not toys they are dangerous, and so are those people who are behind those wheels. I think all the cameras and the sensors in the toyota prius is amazing. One day it might save someone's life. Today people are all about privacy so they might not like that camera, but they don't realize that it's not going to be used against them it's there to save their life one day. The toyota prius is like a moving computer, there is so much technology in it, it's unbelievable. Automakers that make these driverless vehicles are bringing home the big bucks. Driverless cars are so expensive because of the technology that they have in them. Today I personally think that people wont buy the driverless cars because they might not like all the sensors or the cameras. There was a metaphor that someone came up with ""Look Twice Save a Life."" I have no idea who came up with that saying, but it is one of the greatest sayings i have ever heard when it comes to driving. Automakers are continuing their work on the assumption that the problems ahead will be solved. Telsa has projected a 2016 release for a car capable of driving on autopilot 90% of the time. That is crazy! I couldn't imagine what cars would be like in 20 years. Mercedes-Benz, Audi, and Nissan plan to have cars that can drive themselves by 2020. That is in 2020, could you imagine what cars would be like in 2040. So if you were to ask me how i felt about driverless cars. I would smile and say ""they are the best thing ever invented."" They alert drivers when they need to take over and they made a track to run test on these driverless cars. When they ran test at this track for the driverless cars the track was embedded with an electrical cable that sent radio signals to a receiver on the front end of the car. Engineers at Berkeley tried something similar, but they used magnets with alternating polarity. The car read the positive and negative polarity as messages in binary code. These smart-road systems worked surprisingly well, but they required massive upgrades to existing roads, something that was simply too expensive to be practical. I think all this technology that they have to offer us is amazing, and I think if we didn't have it I think there would be more crashes. Which leads to more people dieing. So how I feel about driverless cars I love them!",4,3.0,2.0,3.0,3.0
8440e18,"This essay will have many reasons to why the ""Face on Mars"" is just a natural landform created with the use of shadows to form what looks to be, a human face. Some people believe that the Face on Mars was created by aliens or any kind of life on Mars, and NASA is trying to keep the public from knowing.

The first reason is that it has been confirmed by NASA that the human face is just an illusion! This illusion created by shadows gives it the appearance of a human face. Now some people may believe that NASA is saying that it is an illusion because they want to hide that they have been given a sign of life in space. Most people do not know that if there was life on Mars then NASA would benefit, which I will speak more about in the next paragraph.

The second reason to convince you that the ""Face on Mars"" is just a landform is that if there was life on Mars, it would be no secret! NASA would financially benefit from life on Mars. Think of all the publicity NASA would get and how much money that would bring to them, they could fund a lot more programs and projects.

The third reason is that we can not question the power of the technology they have at NASA. NASA has taken several looks at the face and each time the results are the same. They have extraordinary cameras and photography technology at NASA. What the picture actually shows is the Martian equivalent of a mesa, most common in the American West.

Although some people might still believe that the face is not just a landform, the facts show that it is just an illusion with shadows giving the appearance of a face. I hope this essay has enlightened you to what the ""Face on Mars"", really is.      ",3,3.0,3.0,3.0,3.0
7ffc1a6,"Why would you think the Face was created by aliens? When photographers take pictures of Mars, you never see an alien in the photos. There may be research going on to find alien life, but so far, NASA hasn't found any. Therefore, it couldn't have been created by aliens. Scientists have credible information that shows people it is just a natural landform.

First of all, if NASA thought an alien created the Face they would already be researching it. Afterall, scientists automatically assumed that it was a Martian mesa. They are common for the area that the Face was found in. Why do research if scientists know it is only a mesa? Conspiracy theorists often try to confuse the public by saying that NASA is trying to hide Mars. This is not true, and I know this because even the people from NASA say they wish there was civilization on Mars. If NASA found civilization on Mars, they would announce it because it's exciting. No one has ever seen an alien, so if NASA released pictures they would get loads of publicity. NASA isn't going to let people lose interest in their foundation, therefore they aren't going to lie to people.

Next, we have the information that tells us the Face is just a landform. When new pictures of the Face were revealed in 1998, the truth came out. Michael Malin took pictures of Mars that were ten times sharper than the original. The new and improved photos showed everyone that the Face, in fact, was a natural landform. There wasn't any evidence that could tell us it was an alien monument.

Of course, people still weren't satisfied. Once again, Michael Malin goes back and takes photos in an even higher resolution. The new resolution helped capture the real size of the Face. After extensively studying the pictures, Jim Garvin states that it ""is the Martian equivalent of a butte or mesa"". He goes on to say these types of landforms are common on Earth, mainly in the American West. The Face is just a regular landform.

In conclusion, that is why the Face is just a natural landform. Almost 30 years of research went by until they came to their conclusion. The Face is only a meer mesa. It was created naturally, and not by aliens. No one can argue with facts!",4,3.0,3.0,3.0,3.0
ddf1b39,"Dear Senator,

The Electoral College is unfair to not only the state but everyone in the country. If only a few people are allowed to vote as electoral and then the rest is individual whats the point of having both? It does not make sense for the fact that the electoral votes are more imporatnat then the peoples votes. Its not fair because maybe the person who received more individual votes would be a more better president than the person with more eletoral votes. The Electoral College should be changed and who ever wins by the most popular vote should be president because that person may be better off.

To start off with, the electoral college shoudl be changed because in soure 2: "" The Indefensible Electoral College: Why even the best-laid defenes of the system are wrong"" the author Bradford Plumer states ""voters vote not for the president, but for a slate of electors, who in turn elect the president."" (paragraph 10). What Plumer is saying is that the people who vote dont vote for the president, but for the people hwo come with him. Even though it should be the president you should be voting for. He does control our country and our future of what might happen. So why should the electoral college be voting for the slate of electors? Also in source 1: ""What is the Electoral College"" the author statea ""election of the President by vote in congress and election of the President by a popular vote of qualified citizens."" (paragraph 1). The author is saying that the candidates have electoral votes and individual votes. Why have both though? Shouldnt a citizens vote matter more than a electoral because we know who might be best for us? The electoral college probaly doesnt even listen to the canidate, only their electors slate which is not fair. It should be the canidate who seems to be best for us instead of who works best for the president.

Also, shouldnt the person who wins by the most popular vote be president? In source 2: ""The Indefesnsible Electoral College: Why even the best-laid defenses of the system are wrong"" it states ""Al gore received more idividual votes than George W. Bush nationwide, but Bush won the election, receiving 271 electorl votes to Gore's 266."" Plumber is stating the fact that even though Gore won buy individual votes, Bush still became president because of his electoral votes. This is completely unfair though because Gore had more of the countries attention than Bush since he won by more votes. Bush only got the attention of the Electoral College because of the elector slate he had. Isnt that wha the electoral college looks at? The electoral slate? How about the public, they know what is best for their country and if the person with the most individual votes is it, then let it be it. Furthermore, in source 1:""What Is the Electoral College"" the authore states ""Most states have a ""winner-take-all"" system that awards all the electors to the winning president."" (paragraph 7). This is unfair because the candidates dont actually spend time in states they know they wont have a chance of winning in, but shouldnt all votes count? They never know if that state wants to pick them so why not show them who you are? In 2000, the candidates doing the campaign didnt send it to seventeen states. They didnt send it to Rhode Island and South Carolina including voters in 15 of the largest media markets didnt get to see a single campaign ad. Now thats not fair because everyone vote should count. If a person doesnt get to see then they wont vote but the person with the most votes should win. So why think that no one would vote? You never know.

Although these reasons state that switching the electoral college is a good idea, there are some benefits of it being there. In source 3: ""In Defense of the Electoral College: Five reasons to keep our despised method of choosing the president"" the author Richard A. Posner states ""The electoral College restores some of the weight in the political balance that large states (by population) lose by virtue of the mal-apportionment of the Senate decreed in the Constitution...""(paragraph 21).This states that despite the fact that not a lot of people like the electoral collage they help balance the votes of the states and help continue the rights of the Constitution. This helps with th popular vote of the states and gets the most attention than smaller states. On the other hand, even though the electoral college evens the votes of the oublic, what if they choose the other candidate then the one that the public chose? It wouldnt be fair not only to the state but the other people who choose that candidate and the candidate him or herself.

Furthermore, the Electoral Collage should be switched so that the candidate with the most popular vote wins instead of the candidate with the most electoral vote. They should win because the person who has the most votes is better off with the public.

Sincerely,

Fellow Citizen    ",5,3.0,2.0,3.0,3.0
69e9bd2,"One method of chosing a President is having an electoral college here in the U.S.A.  That means, the people vote for a group of electors. Not the candidate running for President. In that group they count in the votes and elect witch candidate would win.

There are many people that do no agree with this method. One should be able to put in there vote straight to who wins at an election not send it off to a group of people that one does not know. It's part of the list of rights the people should have. Any one can be a elector. In the past, an elector has change there candiate. so instead of who a person's vote going to who they voted for... it would go to the other candidate. Not everything hat should be right in this world is.

The ""winner-takes-all"" system is when all electors are awarded to the winning presidential candidate. This helps when it comes down to what is fair and what isn't. When Obama got 61.7 percent and Romney only had 51.3 most electoral votes were on the ""winner-takes-all"" basis.

Yes, it's true. Not all state has the same number of electoral votes. But that is just because not every state has the same population as one and other. If every state got the same amount of electoral votes, them it wouldn't be fair. North Carolina doesn't have the same populations as Texas. it wouldn't make sence to give them both just 3 or both 38.

People like to do things on there own and like to feel like the contrubuted to socity. One should vote for themselfs on who should run our country. An electoal college is not needed anymore.    ",3,3.0,3.0,3.0,3.0
b45d915,"Technology has been rapidly growing every day that we use it. Whether it be smartphones, video games, or now... smart cars. Smart cars are cars that help you with your driving skills by telling you how close you are to something behind you, or even by stopping your car before you crash. Now, the big issue is creating driverless cars. This idea is extremely terrific and can cause a breakthrough in modern technology.

With driverless cars, no one needs to worry about buying any cars anymore. Sergey Brian thinks that ""driverless cars [can] form a public-transport taxi system."" This taxi-system will be able to take people to and fro wherever they like. Also, these cars will most likely only use up half of the fuel that regular taxis take.

Driverless cars will be more efficient than humans because of their faster response to driving situations. This is possile by sensors that ""can cause the car to apply brakes on individual wheels and reduce power from the engine."" Many sensors will have to be placed on the car to provide the safest driving possible. Google has put many sensors on their modified version of a Prius, such as on the wheel, roof, rearview mirror, and even a 3-D camera ontop of the roof. All of these sensors help to mimic the actual driving skills of a human, but better.

Some people may argue that the driverless cars are not safe because they still need some help from the passenger for emercency situations. They are wrong because humans can manage to stay alert while the driverless car is still driving. The car can manage to ""steer, accelerate, and brake themselves, but all are designed to notify the driver when the road ahead requires human skills.""

This is only because the car has not been programmed to handle crashes, or roadside dangers yet. However, manufacturers are making new ""in-car entertainment and information systems that use heads-up displays."" These will help keep the driver alert at all times and enjoy their ride.

In more ways than one, the development of driverless cars will be a huge success in modern technology. Having a driverless car can make human lives easier, prevent most crashes, and cause a safe trip on the road. With their highly-alert sensor systems, and their fast-acting brakes the driverless cars will make sure that you get to where you are going fast, safe, and easy.",4,3.0,3.0,3.0,3.0
40ff095,"I think everyone should be in the Seagoing Cowboy Program. Everyone should be in the program because it helped me more aware of other countries and their needs. It also helped open the world . This just may help you feel the same way it made me feel, greatful, and I want you to have the same experience I had.

Everyone should join the program because it helps awareness. Also because it is a opportunity of a lifetime, you would never want to miss. In the process you experenice a lot of unique thging's. Some cool things that you will experience are: the Pacific war ending, traveling over the Atlantic Ocean, China, and more. This would be a life time opportunity you wpuld not want to miss.

Some more reasons why you should join the program is because you would have a lot of fun. Some things you would do are: play baseball,volleyball, table tennis, boxing, and more. These things would be a lot of fun if you get your friends and some family to also come and join the program. You would do all of these fun things but also do some work. Everyone would have a job and be put to work. Don't worry, your job won't be that bad.

In the prgram you will also go on cattle-boat trips. Every cattle-boat ride is an unbelievable opportunity. On the cattle-boat you will have the benifits of seeing Europe and China. Every cattle-boat ride is not only an opportunity, but its an adventure. Its and adventure you can't miss.

This about everything you will be doing in the program, and maybe even more. A lot of people have done this, including me. All of these things helped me open up to the world. I hope everyone can join the program have almost the same, or the same experience. This is an opportunity you can't miss, dont pass this up. You will bed missing one of the best experences in your life.                       ",3,2.0,2.0,2.0,2.0
f3ce714,"Driverless Cars is good way to help a driver when they are tired and they can take a break from the stairing wheel. The good thing about Driveless cars is that they can drive by themself under specific conditions. Google has had driveless cars that have driven more then half a million miles without a crash.

I think it's a good idea to make drivelss cars because it's interesting and this will help people out a lot especially when they are tired of staring the wheel and they need to sit back and relax, but I mean they will still be alerted to take over the wheel when they are dealing with traffic and accidents the care will warn them.

No matter what, theirs always going to be an accident and you can't blame the car for it, accedents happen and it can either be the other person in the other car or you. If you have a driveless car and you are taking a break but you still have the responsibility to stay on tract and have an eye on the road and not be texting it's still dangerous even though if it's a driveless car. Driveless cars can steer, acclerate and brake themselves but they are all designed to notify the driver when its neccasary.

Driveless cars can also help people who don't know how to drive it can help them out if the person is going to fast it can slow them down.

In 2016 Telsa is realeasing a car that is capable of driving outopilot 90% of the time. In 2020 their will be cars like Mercedes, Benz, Audi, and a Nisaan that will be alble to drive by themselves I think have driveless cars is a good idea. ",2,3.0,3.0,3.0,3.0
c7238b0,"Theres multiple things with the diverless car i agree with and things i disagree with. I think that developing the ""Traffic Jam Assist"" is a great and important idea. I agree That the cars can steer, accelrate, and break them selfs, but all are desighned to notify the driver when the road ahed requires human stills, such as navigating through work zones and around accidents. Because perhaps the smart car isnt as smart as it thinks it is, the car ahead of you collides with the on coming tafic on a green light when your smart car is going the speed limit. The car couldnt see what was happing infront of you but you can conrtol the breaks and call 911 to report it. If your smart car would have had all control it would of smashed through the other cars like a bullet, Causing you to be ingerd also. I also strongly agree with the driverless car because drivers tend to get tierd/bored of not driveing for a long period of time because, most people do get bored easy and not driveing can cause alot of bordom on a long road. It could cause the driver to fall asleep and not notice the danger infront of their faces. The text states "" Wouldn't drivers get bored waiting for their turn to drive?"" ""The psychological aspects of automan are really a challenge,"" admits Dr Werner Huber.

I do infact disagree with the thought of manufactuers considering to use cameras to watch that divers are remaining focused on the road. While the driver watches the road, the car watches the driver. I beleive that drivers desirve their privacy. Even if they are supposed to be driveing their not going to want someone/ something watching them the whole time. They could have really bad anxiety with they know that theres a camera on them the whole time and it could destract the driver. ",2,3.0,3.0,3.0,3.0
089b9f0,"Title:""Become a Seagoing Cowboy of a Lifetime""

I believe that you should join the Seagoing Cowboys program;I believe that you need help the help the people that are not as lucky as you. My Name is Luke Bobberger,I am Seagoing Cowboy,I decided to become a Seagoing Cowboy when my friend invited me to go with him Europe.

I must proclaim that I made a marvelous choose;the people I helped thought was marvelous choose too.

Do you join the Seagoing Cowboys program?

Why?

Why do we need this Seagoing Cowboys program?

The reason why we have Seagoing Cowboy Program is, ""It was 1945,World War II was over in Europe,and many countries were left in ruins. To help these countries recover their food supplies,animals,and more,44 nations joined togeether to form UNRRA (the United Nations Relief and Rehabilitation Administration)"".

I went over seas to help other countries depart their hardships and begin a new-magnifcent life;I went over seas to help the people move out of the aftermath of the worst war the world has ever seen. Come, help these people move on. Join the Seagoing Cowboys program and help these people.

Where?

If you become a Seagoing Cowboy you will be able to observe the world. I was able to observe the world;I was able to observe the greatness of the world that had endured this great catastrophe. Where ever you go the people there endured horrendous things and need your help. I went across the Pacific Ocean and the Atlantic Ocean. To support my statement, ""Luke also toured an excavated castle in Crete and marveled at the Panama Canal on his way to China"". Join the Seagoing Cowboy Program explore the world.

What?

What will you do in the Seagoing Cowboys program? You help rebuild the countries that have destroyed the horrible conflict.

You will help the countries and the people inhabiting them. To support my claim, ""They got their seaman's papers and boarded the SS Charles W.Wooser,headed for Greece-with a cargo of 335 horses plus enough hay and oats to feed them"".

I went to Greece,a nation in Europe, to the people and rebuild their land.

Join the Seagoing Cowboys program and help these nations.

Conclusion.

Will you join the Seagoing Cowboy program?

The people in these nations need you;the Seagoing Cowboy program need you.

It is not imperitve where you are or how you are helping,but It is imperitive that you are helping. Help move the world out of the destruction of the war.

Join the Seagoing Program help the world.   ",3,2.0,2.0,3.0,2.0
0a01969,"Technology is constantly changing and adapting with the times. Some people fear change and loss of control with autonomous technology, especially cars; however, technological control can actually improve the safety of driving in the future. Driverless cars will help to improve the quality and safety of driving around the world.

Driving safety is a prevalent issue in many parts of the world. People face daily dangers on the road, such as texting drivers, drunk drivers, and drivers that are too exhausted to focus; with autonomous cars, these dangers would be removed. The driverless cars would use multiple sensors to form continuously updated 3-D models of the car's surroundings, which would allow the car to substitute for a human at the wheel. Critics might argue that it is unsafe to rely purely on technology to drive people.

However, the cars would not be purely autonomous; the car would alert the human driver if he or she needed to take over. Several large car companies, including Tesla, Mercedes-Benz, Audi, and Nissan, are already planning to release cars that are capable of driving themselves by 2020. Rapid technological improvements are allowing cars to become more refined and to take over multiple tasks that were originally done by human drivers. These cars and their sophisticated technology vastly improve the safety of driving on the road.

Driverless cars would not only improve safety on the road, but would also improve the safety of the environment. Currently, cars use up millions of gallons of gas each year, causing pollution and severely impacting the quality of air in many city environments. However, autonomous cars could be used as replacements for current taxi systems. Sergey Brin, the cofounder of Google, believes that the use of driverless cars in place of taxis would greatly reduce the amount of air pollution as well as the consumption of gasoline; the cars would use half the amount of fuel that taxis currently consume. Driverless cars would improve the safety of the world.

It has been proven multiple times that these cars will improve the safety of driving around the world; unfortunately, the road to driverless cars is still blocked by laws and by people's fears. If people allow it, autonomous technology in cars will have a huge positive impact on the future.",4,4.0,4.0,3.0,4.0
3d9d8bf,"In my opinion I think that it is a good idea formanufacturers to develop smarter cars for the future. Creating smarter cars helps reduce accidents due to the improvements that would be added to the cars. They also allow driving to be more earsier for everyone. Lastly, new and develeoped cars make driving more interesting and fun.

Creating smarter cars helps reduce accidents due to the improvements that would be added to the newly developed cars. Google has had cars that could drive by themselves for more than half a million milles and without crashing.

In the article it said, ""The information from the sensors can cause the car to apply brakes on individual wheels and reduce power from the engine, allowing far better response and control than a human driver could manage alone"", which indicates that the cars are being specially made to help out drivers be able to drive better and safer. These improvements would help a lot drivers such as adding cameras to the cars so they can monitor the drivers and make sure they are paying attention. There are many reckless drivers that do not pay attention to the road and use their phones, these improvements would help save lives. If the cars would be able to: steer, accelerate, and brake themselves, the car would be able to drive safer than a person who is constanatly on their phonethat could cause a accident. Also GM developed driver's seats that vibrate when a vehicle is in danger of backing into an object.

If we allow manufacturers to develop better cars they would make driving so easier. These cars are able to handle driving functions at speeds up to 25 mph. These cars are made to not only help the driver but it aslo makes sure that the driver is paying attetnion so they know when to take over. These cars are made to the point where they are almost driverless. They are capable of steering, accelerating, and they are also able to brake themselves. These developed cars make driving easier because they notify the driver when there are work zones or accidents. I understand they are not capable to driving thru these occurances but since they notify the driver it helps them plan out a different route that could save them time.

Lastly, the development of

cars would make driving more interesting and fun. Many people imagine the future with flying cars and very high tech cars. We should take advantage that technology is allowing these dreams to come alive. It would be very interesting to see cars that are able tio drive themselves without human use. Some developers, such as the Google cofounder Sergey Brin, are envisioning the future with better transportation. Sergey forsees that there would be cars that would use less fuel and offer far more flexiblity than a bus. I would find it very astonishing to see a car like that. Being able to sit in the driver seat and just let your car drive on its own would be amazing to experience. You could be eating or talk on the phone without any concern because your car is driving as safely as it can. It would be very cool to be able to experience all these technological developments.

In conclusion, I think its a great idea to let manufacturers devlop these cars. These cars would help out on reducing accidents. It would also allow driving to be more safe because you have a smart develpoment that allows th ecar to drive on its own. Lastly, these cars would be such an amazing experience for the future. We have to let technology and manufacturers with new ideas do its thing if we actually want to see all of our envisions in the future. The future would be so much better, easier, and more fun if we allow the develpoment of these cars.    ",4,3.0,3.0,2.0,3.0
0e2b2aa,"When my friend Don Reist offered me on a trip to go to Europe on a cattle boat. I had to say yes, I knew I would never be able to do ever again. It was really fun doing it and special at the same time because I got to help people in need and see Europe and China. I also played a lot off games and we got to just sit there and look at the Pacific Ocean.

First off the best part was that I got to help people in need. I mean these people had nothing everything they had got like wipped out. I got to go all over the place just helping people. All the places we got to see were all so pretty and delightful. By the time i go discharged i had alredy made nine trips that is the most of any Seagoing Cowboy.

Next getting to see all over Europe and China was also really fun. I got to take a gondola ride in Vencice,Italy, that is the city with streets of water. A fun part was after the animals got unloaded. We played games like baseball, volleyball, table-tennis tournaments, fencing, boxing, reading, and whitting in the empty holds were the animals used to be.

Finally all in all the trip made me understand there are people in other countries that need help. If you were everable to do this and you did I bet you really enjoyed yourself. Hopefully by all of these details you will want to sign up for a trip to go to Europe on a cattle boat. It is not all fun and games, your really have to do stuff like feed the animals. If it wasn't for my friend Don Reist I would have never got to witness this amazingness.",2,2.0,2.0,2.0,3.0
2c00451,"Did you know that there are plenty of advantages of limiting car u sage? Well your in luck im here to tell you that there are many good outcomes of not using a car.

You don't have to pay ""car fees"",because when do you have a car you have to park the car in a certain area and some of the places you decide to leave the car ask that you pay them to park in the space you had picked or selected.

Experts have notice that when you don't use your motor vehicle that it is a huge reduce of greenhouse gas emissions. Passenger cars are responsible for 12% of the greehouse gas emissions in Europe, but 50% is from United States car-intensive.

People claim that they wanna try to make the ""World"" a better place, but some are not even tring to help. While some people on the suburn lifestyle actually have been trying because they've stop using there car and started riding biking or even walking rather. Back in the day around World War II we as people in society have depended on a car. So that needs to change soon or later, because what if one day you have to be somewhere important at a certain time and that car you depend on so much blows out? What are you going to to and you won't have enough time get your car done because it would probably take about 1-2 days in the shop. Think about it in your mind do you really need to depend on a car for transportation.

""DRIVING BAND IN PARIS?"" Yes Paris, France have band driving because they say that driving was polluting the air. So the people of Paris have reinforced a law that states you are not allowed to drive a motor vehicle. The only reason they had put the law because they want to clear the air of the global city since there was so much smog in the air. People of Paris were either the choice to leave their motor vehicle at home or suffer the chances of paying 22-euro fine. Since the smog had cleared up the law was rescind. See what cars do to our enviroment they mess up the climate it creates global warming which will soon kill us one day. It is much better/safe if we all in the world to aleast tried to not even bother usng a car if would all be great if we would use bikes cause they do not pollute the air we all breathe.

Well people ik get informed many different ways you or some one else reading this essayI wrote you have the power to change the way you see what cars do to us and the place we call Earth. I can try to inform you its bad and we should at least try not to use cars so much as we do today. I'm not saying you have to ut i dont think you or myself wanna die anytime soon because of global warming or any pollution our motor vehicles do well see ya! :)    ",3,3.0,2.0,3.0,3.0
